sample_id,true_max_mpa,pred_max_mpa,max_stress_error_mpa,max_stress_relative_error_%,field_mae_mpa,field_max_error_mpa,r2,error_bin,Nf_true_pinn,Nf_pred_pinn,Nf_true_bisec,Nf_pred_bisec,Nf_error_pinn,Nf_relative_error_pinn_%,Nf_error_bisec,Nf_relative_error_bisec_%,log_Nf_true,log_Nf_pred,log_Nf_error
2001,300.78310788185746,300.09003,0.693081026388711,0.2304255153387608,0.6977770008829162,8.830976886764915,0.9991946451324004,0-1,1732233.6,1774297.0,1728126.198496853,1769934.5330689773,42063.375,2.428274,41808.334572124295,2.4192871219989454,6.237575454178508,6.2490263,0.011450844344441435
2002,298.2888544373487,298.46106,0.1722051329638247,0.0577309981255079,0.6167813738364621,7.640304769334591,0.9993707021528264,0-1,1888963.9,1877657.2,1883855.8498933942,1872622.169241027,11306.625,0.5985623,11233.680652367184,0.5963131761383382,6.275047668100715,6.2736163,0.001431354166388843
2003,301.6153111515601,303.76755,2.152236455861725,0.7135700265495599,0.6444029761487613,8.342716046894822,0.9993412130342924,2-3,1683166.8,1563220.6,1679354.5451142797,1560089.9469169474,119946.125,7.1262174,119264.59819733235,7.1018117373908325,6.225142394012839,6.1940207,0.031121645874411463
2004,298.14049361978584,297.64493,0.4955656412702183,0.1662188303418474,0.666976335217184,8.316451678492484,0.9992746243745398,0-1,1898766.1,1931914.2,1893597.3908006651,1926516.8357484306,33148.125,1.7457718,32919.44494776544,1.7384606203880641,6.277287646504437,6.285988,0.008700207499469315
2005,302.0013062825967,304.5409,2.5395872720907846,0.8409193004332155,0.697127815530099,9.277263670965112,0.9992247571361624,2-3,1660927.8,1522445.8,1657249.560604783,1519532.1675597609,138482.0,8.337629,137717.39304502215,8.309997258033045,6.219387912542823,6.1825423,0.03684558847666075
2006,308.6276051938764,308.66245,0.0348398744829978,0.01128864492245,0.7376800884179104,10.960372022436957,0.99909476275809,0-1,1325546.6,1323994.6,1323564.4810371252,1322022.6033005258,1552.0,0.11708378,1541.8777365994174,0.11649434226213332,6.121745103987545,6.1218867,0.00014162620654722957
2007,306.79261610906724,306.79883,0.0062120159327605,0.0020248257639134,0.7757151620275502,9.65078920713684,0.999063180920724,0-1,1410249.1,1409951.8,1407891.692917134,1407593.2649681147,297.375,0.0210867,298.4279490192421,0.021196797347451005,6.148569246441289,6.1492047,0.0006354845462599457
2008,303.1167361656929,303.12128,0.0045406897758653,0.0014980003523735,3.320724127435699,21.44441535351291,0.9836259017007124,0-1,1598466.0,1598218.6,1595141.020071993,1594892.330114477,247.375,0.015475776,248.68995751603507,0.015590468453053199,6.20279908333793,6.203636,0.0008370860956636861
2009,298.5453761425168,298.59158,0.0462071094363523,0.0154774158733895,0.6880232756391642,12.932118509264484,0.9992419441560046,0-1,1872146.5,1869137.5,1867150.9901756742,1864159.6052581242,3009.0,0.1607246,2991.384917550022,0.1602111952000503,6.271179439292766,6.2716413,0.00046181513228304993
2010,309.4493381189424,309.4752,0.0258510900420105,0.0083539005767962,0.8204444415882121,26.86457152610336,0.998922362906384,0-1,1289447.1,1288330.5,1287621.6767487004,1286509.677367236,1116.625,0.08659719,1111.9993814644404,0.08636072237245075,6.109788279300547,6.110028,0.00023951076903294677
2011,301.84936282266574,301.8535,0.0041222847561357,0.0013656761497149,0.8711283337463589,20.910858648371004,0.9986894949919464,0-1,1669643.8,1669407.2,1665911.0765536986,1665676.5974508978,236.5,0.014164699,234.47910280083306,0.01407512718421348,6.221651815802624,6.2225623,0.0009104972772098208
2012,295.9185921925903,295.88907,0.0295235890746994,0.0099769294169542,1.8960207427578837,23.916761656563708,0.995168385901278,0-1,2052449.8,2054582.8,2046200.6541598618,2048318.071512427,2133.0,0.10392459,2117.4173525650986,0.10348043571682256,6.310948219171625,6.3127236,0.0017754174555726365
2013,304.58393188474,304.57547,0.0084619140368431,0.002778187931478,0.8799486099162036,24.83479668871944,0.9987443954146408,0-1,1520212.5,1520649.9,1517308.1687968317,1517741.5998656454,437.375,0.02877065,433.4310688136611,0.028565790241369075,6.181073795958674,6.1820297,0.0009559281624200722
2014,308.80233403359745,308.85843,0.0560949214806782,0.0181653165466603,0.7476422025824703,11.55713261115926,0.9991069283211232,0-1,1317778.8,1315294.0,1315833.7760720553,1313361.0873516102,2484.75,0.18855593,2472.6887204451486,0.18791801558905596,6.119201030087802,6.1190233,0.00017770702871988675
2015,292.1871586069898,292.22186,0.0347041859789669,0.0118773823409694,0.8959887080912668,10.472443698858427,0.99864490325256,0-1,2342188.0,2339294.2,2333693.350475755,2330822.7578232842,2893.75,0.12354901,2870.5926524708048,0.12300642035448212,6.368043788750648,6.369085,0.0010410463018422078
2016,303.65458090715964,303.69775,0.0431729990903591,0.0142177993697249,0.7157266670040114,12.240820431894363,0.9991960162567486,0-1,1569275.6,1566958.1,1566108.2438888354,1563806.0854249727,2317.5,0.1476796,2302.1584638627246,0.14699868114774672,6.1948217756650985,6.195058,0.00023609329242102461
2017,293.6131630303837,293.5994,0.0137672784305777,0.0046889173116373,0.7696011867232748,18.966491536384385,0.9990058639372572,0-1,2226478.8,2227562.0,2218912.276941069,2219992.3018994243,1083.25,0.048653055,1080.0249583553523,0.04867362128638293,6.346140133059633,6.34783,0.0016896856659531778
2018,289.44122738426483,289.3899,0.0513348061398346,0.0177358307258979,0.9648472381051132,14.466850284865927,0.9983933332546686,0-1,2584014.0,2588787.5,2573458.8912306433,2578184.000423448,4773.5,0.18473198,4725.109192804899,0.18360927423034623,6.410517235164668,6.4130964,0.002579192752812709
2019,299.1707936868989,299.21088,0.0400827779448604,0.0133979582200826,0.853723958187137,9.67061885832068,0.9987980116796996,0-1,1831831.8,1829279.2,1827104.801588235,1824568.1640215714,2552.5,0.1393414,2536.6375666635577,0.1388337201269764,6.261763458926753,6.26228,0.0005165284084522881
2020,291.5861285865542,291.62338,0.0372539818051791,0.0127763216946449,0.8220554715599017,11.266530686389984,0.9988866004808928,0-1,2392917.2,2389735.0,2383999.77616757,2380844.9664207953,3182.25,0.13298622,3154.809746774845,0.13233263603096473,6.37730621029253,6.37835,0.0010435707438469777
2021,300.64465763914785,300.55624,0.0884137426634765,0.029408053799378,0.7139676096244453,11.618505389387366,0.9991676442197291,0-1,1740547.8,1745880.1,1736396.9159411006,1741690.4593225133,5332.375,0.30636188,5293.543381412746,0.3048579119678825,6.239649005805829,6.2420144,0.002365402305743558
2022,294.57173760685026,294.5771,0.0053497954934869,0.0018161265357462,0.6579221603721207,11.275380951881417,0.9992690564123636,0-1,2152227.2,2151820.8,2145228.9952427465,2144831.091310721,406.5,0.018887412,397.9039320256561,0.01854831968559285,6.331473658321249,6.332806,0.001332452060831102
2023,298.452448004452,298.44025,0.0122014224207305,0.0040882299683963,0.8068367898980504,11.912730884297147,0.9989213399115228,0-1,1878218.1,1879018.4,1873183.4980022775,1873979.3058663288,800.25,0.04260687,795.8078640513122,0.04248424486442623,6.27258032316614,6.273931,0.0013507032926005635
2024,285.6985494320424,285.73184,0.0332926089732268,0.0116530549557956,0.9952265307951056,11.010470181739691,0.9983040466703988,0-1,2958731.8,2955150.8,2944674.83810115,2941122.1244223495,3581.0,0.12103158,3552.713678800501,0.12064876002035728,6.469037345365937,6.4705796,0.0015422788100885043
2025,318.235735662958,318.32898,0.0932438292294932,0.0293002384019648,1.2334345151105977,17.023510530286927,0.9977706346852436,0-1,964548.3,961627.7,963784.7194986778,960871.4942820614,2920.625,0.30279717,2913.2252166164108,0.3022692887403064,5.983980036418383,5.9830074,0.0009726053881093932
2026,287.5601150464198,287.647,0.086888127408315,0.03021563939571,0.842583632728039,11.899342114949349,0.9987854887139976,0-1,2765416.5,2756734.2,2753197.781668518,2744600.214565821,8682.25,0.31395814,8597.567102697212,0.3122756802995401,6.439837410958148,6.440395,0.0005574674293029602
2027,287.7803648395017,287.72363,0.0567320270017148,0.0197136545550475,0.8287303804212933,21.23328949097601,0.9988209145244776,0-1,2743472.5,2749102.2,2731469.3848089743,2737040.0398573335,5629.75,0.20520526,5570.6550483591855,0.20394352868607274,6.436396337165067,6.439191,0.00279452739792152
2028,306.4926788981702,306.5655,0.0728118244860525,0.0237564645093019,0.78280681840681,13.665415121000764,0.9990193082892664,0-1,1424652.5,1421140.5,1422223.3398974151,1418727.4696374754,3512.0,0.24651627,3495.870259939693,0.24580318448379915,6.152967801505403,6.1526375,0.00033031981594966453
2029,307.8800199076808,307.96307,0.0830538227879742,0.0269760352792228,0.7409253850896564,9.784651686995204,0.9991349672250192,0-1,1359357.4,1355555.4,1357229.9958574388,1353442.8030758374,3802.0,0.27969098,3787.192781601334,0.2790383938728639,6.1326534493310305,6.1321177,0.0005357010705324683
2030,303.2895006524836,303.22507,0.0644335138117071,0.0212448876974269,1.0019196568279105,20.030472205394773,0.99827200584464,0-1,1589023.8,1592541.5,1585754.7505326022,1589250.620792542,3517.75,0.22137806,3495.870259939693,0.22045466102280611,6.200236021111283,6.2020907,0.0018547190925746193
2031,296.0527144453545,296.12775,0.0750321366767252,0.0253441812946372,1.8006406868165272,25.060827131846537,0.995512323503774,0-1,2042796.0,2037417.9,2036615.432654458,2031272.1512815421,5378.125,0.26327273,5343.281372915953,0.26236084079711086,6.3089090303533375,6.30908,0.00017109354802968824
2032,284.10602990817046,284.169,0.0629764394857943,0.0221665268794716,1.173570483427231,16.69945401108265,0.9975938683096526,0-1,3135865.8,3128650.5,3120036.7852867427,3112888.725364996,7215.25,0.23008797,7148.059921746608,0.22910178352559632,6.494159714387953,6.495357,0.0011973222026231412
2033,301.48841704678006,301.43793,0.0504898006863072,0.0167468459255842,0.8924135351481699,9.407598575517426,0.9987262087518548,0-1,1690549.2,1693493.8,1686694.4515746816,1689621.8876460132,2944.5,0.17417416,2927.4360713316128,0.17356054432968504,6.227036416309569,6.2287836,0.0017471911733411005
2034,299.465010172994,299.39734,0.0676713058065274,0.0225973998656588,1.944932958122355,15.880212757221216,0.994460900884778,0-1,1813198.1,1817463.5,1808588.0578943267,1812829.9980268145,4265.375,0.23524041,4241.940132487798,0.2345442962521015,6.257339658868485,6.2594657,0.002126035559005146
2035,301.8494748171963,301.74997,0.0995053347744487,0.0329652171284082,0.729059458749745,12.04457152899468,0.9991202994031008,0-1,1669636.5,1675371.4,1665911.0765536986,1671609.6292944946,5734.875,0.34348044,5698.5527407960035,0.3420682424769458,6.221651815802624,6.224111,0.0024592643670535708
2036,298.3402273453332,298.2906,0.0496389664269258,0.0166383752096119,0.7623317527619803,19.82077906058868,0.9990233985356768,0-1,1885582.1,1888849.9,1880502.0881806065,1883742.1630556725,3267.75,0.17330192,3240.074875066057,0.1722983928298023,6.274273820015696,6.2761974,0.001923613455983464
2037,314.7168259804758,314.79623,0.0794081503835855,0.0252316189756285,0.9779483656953928,24.006257553755788,0.9985532914858362,0-1,1082311.6,1079485.9,1081226.7755787857,1078409.473631497,2825.75,0.26108468,2817.301947288681,0.26056531441154573,6.033916792060105,6.0332174,0.0006993619453590227
2038,291.34521722307795,291.43292,0.0877051402032975,0.0301035112363431,0.7225301289922195,19.46776998470997,0.9991239484260864,0-1,2413588.5,2406039.8,2404506.0395216066,2397016.919086695,7548.75,0.31276044,7489.120434911456,0.31146190992314865,6.381025872251004,6.381303,0.0002769613061248677
2039,307.1276654404745,307.07336,0.0543011826620158,0.017680329313264,0.8382639579749687,11.777163369472843,0.9988961255699648,0-1,1394349.1,1396912.8,1392060.8007643989,1394611.6491857776,2563.625,0.18385819,2550.8484213787597,0.18324260118365918,6.14365820428303,6.1451697,0.0015115306718040955
2040,306.8159574677105,306.67822,0.1377348114605183,0.0448916714102178,2.049758949907956,25.84187834185757,0.9942781018582468,0-1,1409136.2,1415724.0,1406783.2462493482,1413341.5557004139,6587.75,0.4675027,6558.309451065725,0.4661918933532198,6.148227187548811,6.150979,0.0027518545044120657
2041,296.0333407287357,295.93732,0.096023834204459,0.0324368309218415,0.6866670917054059,11.87743824924371,0.9992142191014108,0-1,2044184.9,2051098.1,2037993.8855618327,2044857.7283892753,6913.25,0.33819103,6863.842827442568,0.3367940834400663,6.309202876691635,6.3119864,0.002783569688980414
2042,289.0742437121419,289.14853,0.0742853405924961,0.0256976684046846,0.7949288171092751,10.892409669315724,0.998959812415706,0-1,2618353.8,2611360.0,2607486.7828461947,2600558.9911725335,6993.75,0.26710486,6927.79167366121,0.26568846750199815,6.41622211569818,6.416867,0.0006446636292123387
2043,297.11368240879364,297.00446,0.1092268423873861,0.0367626430064916,0.9261363154008952,9.91922548053074,0.9986214882065388,0-1,1968157.1,1975702.4,1962505.8253146796,1970002.0511769487,7545.25,0.38336626,7496.225862269057,0.38197215853191513,6.292810954537425,6.2957215,0.002910576376881302
2044,289.9382211811598,289.80823,0.129993642097304,0.0448349450333701,1.0030521306489009,20.003151397194188,0.9983400599029704,0-1,2538291.5,2550163.5,2528140.475543864,2539907.0632480513,11872.0,0.46771616,11766.587704187259,0.4654246003342034,6.402801201753769,6.406568,0.003766848630752051
2045,290.8571944750748,290.93707,0.0798782788314724,0.0274630575927932,0.7740021182469544,20.840509269055246,0.998999375357116,0-1,2456066.8,2449057.5,2446612.80204275,2439670.7995143738,7009.25,0.28538516,6942.002528376412,0.2837393200338168,6.3885652438749725,6.388999,0.0004337414155548558
2046,297.2798233571533,297.3645,0.0846785959716953,0.0284844746661337,0.6755571772655672,9.457297589561987,0.9992395010253668,0-1,1956743.8,1950955.9,1951172.668679306,1945424.3779470068,5787.875,0.29579118,5748.2907322992105,0.2946069727488581,6.290295703908332,6.2902474,4.826357019727112e-05
2047,298.89355081475406,299.024,0.1304360016521855,0.0436396172806773,0.7382674004538452,12.473849480553127,0.9990979993988072,0-1,1849584.2,1841208.1,1844740.4722898006,1836412.9114266923,8376.125,0.4528653,8327.560863108374,0.45142181180487223,6.265935275979911,6.265103,0.0008324126681431565
2048,294.7922355563669,294.87396,0.0817268459768456,0.0277235408940133,0.9250325191159622,22.762171146197232,0.998571055502958,0-1,2135536.0,2129380.5,2128666.2440721784,2122562.6819719994,6155.5,0.28824145,6103.562100179028,0.2867317559610848,6.328107573265251,6.3282533,0.000145695930305223
2049,302.1333335187404,302.2489,0.1155678484470854,0.0382506117749887,0.7811788307263453,19.81296705468296,0.9989931721736376,0-1,1653398.6,1646836.5,1649760.4401698716,1643237.6578555938,6562.125,0.39688703,6522.78231427772,0.3953775442455201,6.2174208853862245,6.2166505,0.0007703993937928644
2050,301.4224476562807,301.55814,0.135688330047401,0.045016000335227,0.6768523909121005,10.219240157879112,0.9992409622080688,0-1,1694399.5,1686489.1,1690524.2769204285,1682658.5688355642,7910.375,0.46685418,7865.708084864309,0.4652821726519661,6.228021411870126,6.2269835,0.0010378646594322305
2051,290.8045566564999,290.717,0.0875461584530512,0.0301048097249938,0.8343453824407664,19.73316717549048,0.9988111920226456,0-1,2460693.2,2468416.0,2451210.013543118,2458862.5588072543,7722.75,0.31384447,7652.545264136512,0.31219459866170707,6.389380522111141,6.3924184,0.0030378624408609056
2052,297.32111493929216,297.4834,0.1622834982078416,0.0545818948112639,0.6947002973137245,12.064040743625467,0.9992003054168956,0-1,1953918.5,1942856.4,1948366.0248730537,1937381.0341782025,11062.125,0.5661508,10984.990694851149,0.5638052888736282,6.289670547845533,6.2884407,0.0012298434998294638
2053,313.85406718456824,313.74808,0.1059897919901118,0.0337704057624279,1.0499650557638225,9.80024810221397,0.9984402697440596,0-1,1113559.2,1117465.1,1112376.9691145085,1116270.7433064738,3905.875,0.35075593,3893.774191965349,0.35004088542618167,6.046251988561391,6.0482345,0.0019824741766463205
2054,303.50968746382733,303.6519,0.1421985225007915,0.0468513949880887,0.6964660923605844,9.185284648819676,0.9992382589633516,0-1,1577081.2,1569420.4,1573874.4759906933,1566257.457863345,7660.875,0.48576286,7617.018127348274,0.48396604961483064,6.196970092344252,6.1957397,0.0012303462505016682
2055,299.18390875333034,299.3257,0.1418053579977822,0.0473973879774053,0.6842816728475482,22.477510081096128,0.9991716399335172,0-1,1830997.2,1821995.0,1826273.4665873956,1817327.733544176,9002.25,0.49165833,8945.733043219661,0.48983535088728003,6.261565809418157,6.260547,0.0010186483158625137
2056,306.99333086647886,306.86118,0.1321553293694819,0.0430482737186758,0.69941024240745,9.655366031957968,0.9992199189789324,0-1,1400698.5,1406979.5,1398384.6311126638,1404637.4071873527,6281.0,0.4484191,6252.776074688882,0.44714279144456026,6.145626642221362,6.1482882,0.002661607748120076
2057,303.09366163341934,303.01584,0.0778230103724695,0.0256762249507525,1.0595297994514086,29.725336985655048,0.9982244489836604,0-1,1599732.0,1604009.2,1596398.6807142885,1600654.8317014915,4277.25,0.2673729,4256.150987203,0.26660952797196247,6.203141360205232,6.205207,0.0020655108274825196
2058,310.2526315163569,310.4183,0.165672927002447,0.0533993623817861,0.8040040707457917,26.34982940989235,0.9989488193553436,0-1,1255206.9,1248271.9,1253519.1781458945,1246609.1500406275,6935.0,0.5524986,6910.028105267091,0.5512502900424588,6.0981309828089705,6.0963097,0.0018213209437361044
2059,306.96497397550166,306.8148,0.1501851571422889,0.0489258286368121,0.8476527744005057,12.279834408139436,0.9988825831872044,0-1,1402043.4,1409190.4,1399720.4514558928,1406832.9842408514,7147.0,0.50975597,7112.532784958603,0.5081395201135082,6.14604130816909,6.14897,0.002928818936623223
2060,300.7794721636104,300.6227,0.1567609819697395,0.0521182449194766,0.9163384276425726,10.248668123298016,0.9986395934471068,0-1,1732448.5,1741870.6,1728346.4667449386,1737704.3145748992,9422.125,0.54386175,9357.84782996052,0.5414335615002306,6.23763080614803,6.241016,0.003385104954264584
2061,307.0185214252243,306.8468,0.1717196674118213,0.0559313707246956,5.877019969902435,39.54913113711913,0.9595833849004768,0-1,1399505.6,1407664.1,1397198.0247439444,1405319.5282136824,8158.5,0.5829559,8121.503469737945,0.5812707523134611,6.1452579629923685,6.1484995,0.003241525838197923
2062,300.43542679654985,300.60074,0.165311728840777,0.0550240464659727,0.7111584775486762,10.1751831009025,0.9991494940679578,0-1,1753194.9,1743194.6,1748966.4169366967,1739025.924063413,10000.25,0.5704015,9940.492873283802,0.5683638506160975,6.242781470382562,6.241346,0.0014355879667906635
2063,303.8470660170295,303.93912,0.0920514146111486,0.0302953113280973,0.7382225205507269,20.616224952779987,0.99912373817062,0-1,1558973.4,1554071.9,1555862.2176391748,1550987.8944718605,4901.5,0.31440562,4874.323167314287,0.31328758498361503,6.191971134576247,6.1914716,0.0004995578855728766
2064,313.1549428294307,313.38495,0.230005901038055,0.0734479548557963,2.5856084860723163,29.63170552545012,0.9901500915970264,0-1,1139610.6,1130967.4,1138343.7533928612,1129728.4227217701,8643.25,0.7584389,8615.330671091098,0.7568303199637979,6.056273428718365,6.0534506,0.0028228443067437325
2065,295.68210783578144,295.51257,0.1695345935939372,0.0573367779453516,0.7768816076025483,22.004064235022,0.9989390552217934,0-1,2069595.9,2081982.9,2063218.1526813162,2075517.6474373236,12387.0,0.59852266,12299.494756007334,0.596131569510629,6.314545150172265,6.318477,0.003932003605811474
2066,307.8999418081294,308.0961,0.1961580453861984,0.0637083736470583,0.856773317965754,11.88206633634232,0.9988812023888348,0-1,1358444.4,1349489.1,1356320.5011556658,1347403.1898218766,8955.25,0.6592283,8917.311333789257,0.6574634333250273,6.132362326283551,6.13017,0.002192457814312654
2067,298.002108007647,297.7821,0.2200035154594957,0.0738261608048256,0.6921505763326757,11.194722688122113,0.9991845516303364,0-1,1907961.2,1922677.6,1902727.8649551824,1917343.7290297677,14716.375,0.77131414,14615.86407458526,0.7681531523126944,6.279376678355521,6.2839065,0.004529781452828452
2068,317.40842732640897,317.63898,0.2305497243722811,0.0726350356587079,1.0990723620505691,18.01983607895619,0.9982259792918844,0-1,990901.1,983476.5,990071.2480081227,982667.3927015024,7424.625,0.7492801,7403.855306620244,0.7478103542058926,5.995666448641382,5.9927645,0.0029019756799559815
2069,296.6674973907438,296.45322,0.2142808380094152,0.0722292937022297,0.7452944218199956,23.99045159058321,0.9990355171544332,0-1,1999177.5,2014261.1,1993307.85290988,2008286.093779703,15083.625,0.7544915,14978.240869822912,0.751426371393526,6.299574377724586,6.304116,0.004541394522728837
2070,295.588382131025,295.40848,0.1799043478218891,0.0608631322127346,0.7526147541042367,10.434478281401285,0.9990577984495462,0-1,2076433.1,2089631.9,2070010.9412351828,2083106.2438552415,13198.75,0.63564533,13095.302620058646,0.6326199711893616,6.315972640966825,6.32007,0.00409714891964974
2071,311.5402296845052,311.80057,0.2603379424479044,0.083564791202583,0.7846828585615446,12.984258556766576,0.9990698647772828,0-1,1202397.5,1192021.1,1200910.5939902167,1190572.1971849073,10376.375,0.86297375,10338.396805309458,0.8608798071268976,6.079510676027365,6.0762844,0.0032262674580287865
2072,300.2312603922812,300.50104,0.2697772053750782,0.0898564676518322,0.6630352546267844,11.32417109683476,0.999295874240247,0-1,1765635.5,1749218.6,1761322.7551115649,1745008.693898513,16416.875,0.9297998,16314.0612130519,0.926239166882196,6.245838945927707,6.242844,0.002994841160861128
2073,311.97072502078214,312.1572,0.1864710241397347,0.0597719622978447,0.9436511212630648,9.476971297983567,0.9986836604164292,0-1,1185292.0,1177967.0,1183864.673759332,1176567.3998630757,7325.0,0.6179912,7297.273896256229,0.6163942600875083,6.07330206150979,6.0711336,0.0021684479233643472
2074,312.2686479955892,312.43665,0.1679975122232804,0.0537990327564531,0.8111565094378572,12.873041169765004,0.9990237547810518,0-1,1173611.4,1167081.0,1172225.9837475815,1165720.9650016977,6530.375,0.55643415,6505.018745883834,0.5549287284255061,6.069011343792849,6.0671015,0.0019098652161888552
2075,304.5554476081014,304.7466,0.1911649407267077,0.062768517926068,0.7485294415777597,17.16843172068647,0.9990682765028296,0-1,1521688.8,1511798.5,1518778.9922598551,1508937.9753695778,9890.25,0.64995223,9841.016890277388,0.6479558211188137,6.181494581351141,6.1794944,0.0020002004002135365
2076,298.3999510133372,298.61453,0.2145814573659663,0.071910687866157,0.7874594917582516,11.44125572449704,0.9990202441747578,0-1,1881658.9,1867642.0,1876601.2085612835,1862674.5709403856,14016.875,0.74492115,13926.637620897964,0.742120252153891,6.273371991682433,6.2712936,0.002078351545714341
2077,294.0346791112823,294.2195,0.1848338281708379,0.0628612341678528,0.7042932725536404,19.798903276800388,0.9991613677052804,0-1,2193486.8,2179191.8,2186177.5731046014,2171988.034671472,14295.0,0.65170217,14189.538433129434,0.6490569937088323,6.339685434780824,6.3382955,0.0013899750335095717
2078,300.88566353023134,300.67117,0.2144904345282157,0.0712863590812677,1.2329830683086755,18.087958531963807,0.9976264183344928,0-1,1726103.1,1738948.9,1722036.847251389,1734805.300212998,12845.75,0.74420524,12768.452961609,0.7414738530124505,6.236042440025153,6.240287,0.0042443870622497215
2079,295.34352711622427,295.07193,0.2715971845836407,0.0919597552164267,0.7130855615023729,20.90442228494257,0.9991389043073604,0-1,2094414.1,2114562.8,2087859.7747574765,2107854.4473417653,20148.625,0.9620172,19994.672584288754,0.9576635761667143,6.319701327139581,6.3252206,0.0055192577298033285
2080,311.0382202517223,310.82394,0.2142761599254186,0.0688906205005949,0.9421820649589824,20.311269435623306,0.9986562961186896,0-1,1222689.0,1231465.1,1221125.5348225916,1229868.7631861195,8776.125,0.7177724,8743.228363527916,0.7159975051048422,6.086760312821452,6.0904226,0.003662317488606348
2081,288.3412111408568,288.10855,0.2326601154661602,0.0806891649464925,0.8561970060866422,12.66656312543057,0.998793844936416,0-1,2688450.2,2711129.5,2676956.5461214595,2699423.907426194,22679.25,0.84358084,22467.361304734368,0.8392874862793896,6.427641321529542,6.4331503,0.005508969913329054
2082,303.27148450798256,303.03503,0.2364503282950636,0.0779665548439783,0.6844579093532335,12.392100455990402,0.9992501985780252,0-1,1590006.4,1602954.8,1586728.1940805935,1599603.2284525665,12948.375,0.8143599,12875.034371973015,0.8114202810540758,6.200502538651005,6.2049212,0.004418706923946303
2083,308.9375842594874,308.7226,0.2149890446436302,0.0695897992337033,0.8103844013203706,10.8738581620064,0.998960799908394,0-1,1311799.5,1321318.2,1309879.4279463857,1319358.0680414254,9518.75,0.72562534,9478.640095039736,0.7236269150283734,6.117231321466849,6.121008,0.003776597844674434
2084,293.70739062571954,293.46875,0.2386406257195403,0.0812511476851624,1.461782295365513,23.328456669313056,0.9968759824913463,0-1,2219054.8,2237904.8,2211551.0541985943,2230252.5390038,18850.0,0.84946084,18701.484805205837,0.845627541344857,6.344696969615998,6.3498416,0.005144625080046872
2085,297.1321802416639,296.89633,0.2358484545545138,0.0793749281423147,1.5065078183020413,12.903940122892976,0.9964111973243024,0-1,1966884.8,1983200.5,1961241.0592450267,1977448.5390477146,16315.75,0.82952243,16207.479802687885,0.8263889707126009,6.292530976771207,6.2973666,0.0048356423389002146
2086,297.4917846698991,297.24463,0.2471557636491184,0.0830798618265595,1.688242455937071,23.603236556573837,0.9964344450849772,0-1,1942287.0,1959155.8,1936819.705416952,1953567.1976988176,16868.75,0.8684994,16747.49228186556,0.8646903082938336,6.287089195016034,6.292069,0.004979763266436343
2087,294.6755671843589,294.91254,0.2369694367347961,0.0804170630768787,0.944586112706259,11.165078658485498,0.9984814306622682,0-1,2144349.0,2126488.0,2137413.0251493854,2119692.0893195285,17861.0,0.8329335,17720.9358298569,0.8290833648596471,6.3298884516031615,6.327663,0.0022255068094603203
2088,301.6691810277295,301.98218,0.3129967066454924,0.1037549495706429,1.9141968245477052,22.855020296796116,0.995262384655744,0-1,1680042.8,1662025.9,1676256.5787863657,1658336.690990496,18016.875,1.0724057,17919.887795869727,1.069042056129855,6.224340495333934,6.220638,0.0037026970246074598
2089,299.8424109730817,299.6346,0.2077979359723372,0.0693023829744326,0.7418842726860475,11.565648555842516,0.9991469020775884,0-1,1789598.6,1802548.9,1785140.1476142434,1798008.0765588589,12950.25,0.7236399,12867.928944615414,0.7208357820988341,6.251672317336868,6.255887,0.004214714218307769
2090,296.9179739328786,296.63165,0.286321100847374,0.0964310435824608,4.275124835202671,23.71715037138567,0.9768617458998918,0-1,1981696.5,2001690.1,1975956.3993026183,1995801.857912398,19993.625,1.0089146,19845.4586097796,1.0043469894772845,6.295777357381573,6.301397,0.005619489389666832
2091,298.56411522618146,298.83707,0.2729514242091682,0.0914213766119849,1.2200095184816222,11.118739328518616,0.9975358295373544,0-1,1870927.9,1853224.9,1865943.067524882,1848357.1348148196,17703.0,0.946215,17585.93271006248,0.9424688789347521,6.2708983886939835,6.267928,0.0029702652198624335
2092,292.4224621950852,292.1336,0.2888562380539383,0.0987804547864152,0.7765204754755406,10.97122964066449,0.9989573422931038,0-1,2322648.5,2346659.2,2314309.74464422,2338127.137146898,24010.75,1.033766,23817.392502678093,1.029135903601337,6.364421483996609,6.37045,0.006028535839816662
2093,292.8235697492772,292.5804,0.243155930917851,0.0830383739690241,0.8153400953279549,27.121241893406392,0.9988634135571652,0-1,2289752.0,2309635.8,2281681.622218116,2301406.2885628166,19883.75,0.86838007,19724.66634470038,0.8644793450860697,6.358255044394108,6.3635435,0.005288466042904005
2094,305.28348181632947,305.60498,0.3214986524205301,0.1053115126005921,0.8508611028133413,20.147552498891173,0.9988023315355212,0-1,1484394.4,1468243.6,1481674.4505984627,1465601.9739155693,16150.75,1.0880363,16072.476682893466,1.0847508827868118,6.170752792145454,6.1667986,0.003954200531684826
2095,295.3442701924974,295.10745,0.2368177999192653,0.0801836445870149,0.8438625254648243,27.458108225032746,0.9988191705720126,0-1,2094363.5,2111915.5,2087802.9313386157,2105225.439219453,17552.0,0.8380589,17422.50788083719,0.8344900574340403,6.319689503012547,6.3246765,0.004987010659328384
2096,293.264844270272,293.5106,0.2457453293374101,0.083796382054895,0.6954946758172221,20.369291895691816,0.9991761421978504,0-1,2254150.8,2234587.5,2246367.648250839,2226955.6207098733,19563.25,0.86787677,19412.027540965937,0.864151847810012,6.351480835870245,6.3491974,0.00228344817493209
2097,292.6236478218105,292.3117,0.3119412788417435,0.1066015276495002,0.8276750067465561,21.81852069226649,0.998808185051564,0-1,2306083.2,2331824.2,2297881.9965934465,2323411.7970893066,25741.0,1.1162215,25529.800495860167,1.1110144269247713,6.361327722548886,6.367696,0.006368085861758743
2098,291.21690602658043,291.48337,0.2664618933414431,0.0914994589349569,0.8409713929940804,20.876269972587732,0.9987869103932444,0-1,2424677.8,2401708.8,2415498.1356438156,2392725.240962704,22969.0,0.9473012,22772.894681111444,0.942782540175369,6.383006706620752,6.3805203,0.002486362840234513
2099,303.978696128743,303.6929,0.2857945174148995,0.0940179430514623,0.7865394264747856,19.89519015541427,0.9990246741342186,0-1,1551966.0,1567218.0,1548898.8988287258,1564061.8808098463,15252.0,0.98275346,15162.981981120538,0.9789523378567028,6.190023071010492,6.19513,0.005106800357916441
2100,305.8708774428892,306.1335,0.2626369614076793,0.0858653048643762,0.731740231741346,11.718558792767569,0.9991315866139454,0-1,1455036.0,1442118.2,1452460.4860176863,1439603.2152141072,12917.75,0.8877959,12857.27080357913,0.8852062364072167,6.162104326303055,6.1590014,0.003102975900223015
2101,294.1491837763384,294.43362,0.2844404912397067,0.0966993984440174,0.7678678324112981,19.90896028009368,0.9989483042830148,0-1,2184618.0,2162754.2,2177373.9486085335,2155681.078885778,21863.75,1.0008043,21692.869722755626,0.996285903788764,6.337933022458893,6.335007,0.0029258317545473034
2102,292.02264176012886,292.29926,0.2766136109648869,0.0947233438125324,0.9734488213685774,9.59826513153584,0.9983677733053364,0-1,2355955.8,2332856.2,2347349.981857064,2324442.084056159,23099.5,0.98047256,22907.897800905164,0.9759046575058223,6.3705778462486755,6.367888,0.0026898724632751225
2103,300.8776225278404,300.61063,0.2669963071372763,0.0887391707279829,0.7202235286784695,24.291791304743214,0.99907962588622,0-1,1726582.8,1742597.6,1722512.9108843482,1738429.0681653745,16014.875,0.92754745,15916.157281026244,0.924008010648512,6.236162485792908,6.241197,0.005034623429503782
2104,302.75442957950696,303.0696,0.3151810161961634,0.1041045102573447,0.6677240715123699,12.250650861209635,0.99927209519443,0-1,1618466.0,1601055.1,1615029.1112459183,1597713.1847754447,17410.875,1.075764,17315.92647047364,1.072174262983732,6.208180354988804,6.2044063,0.0037740935447123647
2105,298.0853421280689,297.7729,0.3124539444751235,0.104820298188591,0.6848938255715323,11.868692078326433,0.9992118760559244,0-1,1902424.2,1923298.4,1897228.2641803992,1917954.7957825214,20874.125,1.0972382,20726.531602122122,1.0924637795798369,6.278119585980966,6.2840466,0.0059270639518951285
2106,293.8019426788057,294.18475,0.3828107391630624,0.1302955098501728,0.7123869835259531,10.90728117344915,0.9991538546709184,0-1,2211631.2,2181868.5,2204189.8314561197,2174652.569930572,29762.75,1.3457375,29537.261525547598,1.3400507117862372,6.343248994537131,6.3388286,0.004420430846945322
2107,291.5282171204872,291.22104,0.307178302127852,0.1053682916741114,0.8641646387528306,20.075817920829607,0.9987134121987036,0-1,2397869.8,2424318.2,2388916.73189903,2415142.864275935,26448.5,1.1029999,26226.132376905065,1.0978253041099943,6.378201012241711,6.3845897,0.006388659846911615
2108,292.17611856809907,292.519,0.3428938830728043,0.1173586276500843,0.7845395338305647,21.45133334473182,0.998967503708732,0-1,2343108.8,2314685.2,2334602.845177528,2306408.5094225677,28423.5,1.2130679,28194.33575496031,1.2076716094645363,6.368213010461843,6.364492,0.0037210709171651146
2109,289.30242960345623,289.0123,0.2901310194718576,0.1002864095782178,0.9903954431152882,21.83671592397572,0.9983038366818736,0-1,2596946.8,2624196.2,2586262.8713290403,2613277.7061426393,27249.5,1.04929,27014.83481359901,1.0445510049686677,6.412672665078631,6.4189963,0.00632366899729675
2110,310.29904402614494,310.6134,0.3143592941675592,0.1013084958589405,1.0411944955881822,11.804030867174324,0.9984239223604752,0-1,1253259.6,1240155.9,1251579.3964772695,1238526.7264213564,13103.75,1.0455735,13052.67005591304,1.0428958876002155,6.097458405169362,6.093477,0.003981632861012052
2111,303.02053471854924,302.7189,0.3016321306586178,0.0995418118903324,1.014817067272071,28.58871353512626,0.9983083968447172,0-1,1603750.5,1620445.0,1600399.0363166179,1616997.3146239738,16694.5,1.0409662,16598.27830735594,1.0371337354437267,6.204228281195774,6.2096343,0.005406022850857006
2112,299.0598153655022,298.72943,0.3303842131584247,0.1104742918250781,0.7901156475568775,10.599377954264584,0.9989500263815682,0-1,1838915.0,1860182.6,1834139.17467226,1855270.7156337653,21267.625,1.1565312,21131.54096150538,1.152123091492299,6.2634322868950285,6.2695556,0.006123281800039848
2113,294.51080832374447,294.12564,0.3851674546038452,0.1307821117995932,0.6872514545449959,10.93009690004206,0.9992084771760564,0-1,2156863.8,2186436.8,2149833.312170472,2179178.727157364,29573.0,1.3711112,29345.414986892138,1.3650088507217801,6.332404788096563,6.339737,0.007332150379999902
2114,301.1680810796179,301.5118,0.3437292231164974,0.1141320228505981,0.7977040846720369,12.377284738972946,0.99898749466758,0-1,1709340.6,1689185.5,1705374.6200978146,1685337.3149493798,20155.125,1.179117,20037.305148434825,1.1749503547370461,6.231819795393212,6.2276773,0.004142450117333496
2115,287.5893836457109,287.31708,0.2723060089921318,0.0946856958139988,1.0046581967411283,14.823784314858642,0.9983024873631764,0-1,2762488.0,2789850.8,2750298.767306617,2777413.0781032224,27362.75,0.9905111,27114.310796605423,0.9858678307578423,6.439379874173824,6.445581,0.006201085146244623
2116,305.42258449665496,305.74246,0.319877661548162,0.1047328121053423,0.9837483337953256,21.298943352068363,0.9984623410629736,0-1,1477381.8,1461398.6,1474696.9209332985,1458794.9745069875,15983.125,1.0818547,15901.946426311042,1.0783196330434528,6.1687027734727335,6.164769,0.003933600804276516
2117,297.51896850613576,297.22467,0.2942980959795136,0.0989174227973448,0.7914505744748217,20.11413669458898,0.9989887493680276,0-1,1940441.0,1960526.5,1934986.505158691,1954931.439751477,20085.5,1.0350997,19944.934592786012,1.0307531623405455,6.286677940540692,6.2923727,0.005694763011554471
2118,284.2938501470917,284.62662,0.332767284548936,0.1170504688640871,0.918558997673435,19.541336866501027,0.998568072577036,0-1,3114386.0,3076721.0,3098777.3466328005,3061488.0638601105,37665.0,1.2093877,37289.28277269006,1.203354697723262,6.4911903724307605,6.488088,0.0031022414798327347
2119,303.1174376446222,303.4964,0.3789612811590359,0.1250212736369637,0.7052537484311464,13.091652663203789,0.9992161036947882,0-1,1598431.0,1577798.2,1595105.492935205,1574592.124153811,20632.75,1.2908127,20513.368781394092,1.2860195687525833,6.202789410581043,6.1980515,0.0047379579443243
2120,314.016490570331,314.36697,0.3504833066221522,0.1116130257954251,0.96595694788122,10.853281920306957,0.9986082806267012,0-1,1107600.2,1094864.9,1106436.831843554,1093739.433155521,12735.375,1.1498169,12697.39868803299,1.147593637756661,6.043926624440526,6.039361,0.004565624379490707
2121,295.7892452404403,296.14633,0.357086546669052,0.1207233029648473,0.8156674596801939,19.2479728045181,0.9989024356940696,0-1,2061809.6,2036087.4,2055487.4477162464,2029957.647220386,25722.25,1.2475569,25529.8004958604,1.2420314472961311,6.312914829010207,6.3087964,0.004118423217970957
2122,307.6585627137413,307.97455,0.3159856261024742,0.1027065924365254,0.8252517600079187,8.886427454688516,0.9989771580968928,0-1,1369555.1,1355030.1,1367383.6515514506,1352924.1068787326,14525.0,1.0605633,14459.544672718039,1.0574606955635355,6.135890383167181,6.1319494,0.00394095842352904
2123,304.44691467216006,304.0608,0.3861236565350623,0.1268279092106598,3.3379291401252,15.694894173166348,0.9861748341634414,0-1,1527338.0,1547618.4,1524399.3852997175,1544571.6935679468,20280.375,1.327825,20172.308268229244,1.323295486914874,6.183098764974838,6.1896644,0.006565598886245638
2124,287.62939162310767,287.2028,0.42660231646704,0.1483166633492151,1.0696008798894394,16.018402002722183,0.9980273497265428,0-1,2758490.2,2801419.8,2746348.149695791,2788867.0270036752,42929.5,1.556268,42518.877307884395,1.5481969142402485,6.438755591133696,6.447378,0.008622567435639716
2125,311.2105437813845,310.84802,0.3625213204470014,0.1164874801612316,0.8455553954660291,9.57159513432154,0.9989339897839972,0-1,1215681.4,1230475.9,1214144.4524437487,1228884.6614970919,14794.5,1.2169719,14740.209053343162,1.2140408024494165,6.084270359858792,6.0900736,0.005803225651462185
2126,295.8897084294771,295.48746,0.402251154086457,0.1359463146662062,0.7082192882256977,14.399433456506529,0.9991404553912748,0-1,2054535.4,2083826.1,2048268.3335209237,2077343.742268227,29290.75,1.425663,29075.4087473033,1.4195117051545378,6.311386850806589,6.3188615,0.007474633720998547
2127,302.1905980239524,302.60223,0.4116358627663317,0.1362172964539764,0.8664259537302988,11.781779222151911,0.9987332131338434,0-1,1650143.4,1626952.1,1646527.470722163,1623463.2535193907,23191.25,1.4054081,23064.217202772386,1.4007793743432946,6.216568980892764,6.2113748,0.00519422121869173
2128,297.12814073022247,297.538,0.4098536545431557,0.1379383499442021,0.7739425186036616,19.72455833374255,0.9989442495410488,0-1,1967161.1,1939150.4,1961518.170911973,1933700.4228069652,28010.75,1.4239174,27817.748105007922,1.4181743772516038,6.292592335657116,6.2876115,0.004980851129528396
2129,297.4852106630393,297.05396,0.4312555849143109,0.1449670670865023,0.8801162382574823,13.07565690458202,0.9987058859394,0-1,1942734.9,1972282.4,1937260.2419131233,1966598.5514726578,29547.5,1.520923,29338.309559534537,1.5144227360265115,6.287187965600426,6.294969,0.007781116278236411
2130,300.55711343899446,300.9468,0.3896944223336618,0.1296573612498311,0.6765339605486715,8.31039738310912,0.9992463915371194,0-1,1745826.4,1722460.6,1741640.72133101,1718413.0792990124,23365.75,1.3383777,23227.642031997675,1.3336643859731567,6.240958570398337,6.2361493,0.004809259332662741
2131,315.72305225967733,316.13553,0.4124763047757938,0.1306449756594074,0.9507922856067106,13.102270592072117,0.9986725408551468,0-1,1047089.44,1033019.8,1046108.200863843,1032078.5345462598,14069.625,1.343689,14029.666317583178,1.3411295605940117,6.01957660671848,6.014109,0.005467472044407451
2132,292.10373036986266,292.51584,0.4121082531842148,0.1410828450093403,0.8645638944047661,10.97651048749023,0.9987508835496608,0-1,2349157.2,2314944.5,2340606.931294701,2306671.4102347987,34212.75,1.456384,33935.521059902385,1.4498598891669108,6.369328486783867,6.3645406,0.0047879098490524186
2133,297.8199308917771,297.46368,0.3562468097458691,0.1196181896487389,2.938166204334872,15.772482997511588,0.988721764597998,0-1,1920137.6,1944196.5,1914821.3023178193,1938716.8545214315,24058.875,1.2529767,23895.55220361217,1.247925964406574,6.28212825034721,6.28874,0.006611907733844902
2134,297.12580388785886,296.7664,0.35941594840574,0.1209642325583377,0.7397678400901623,26.928015446583142,0.9990640593096968,0-1,1967321.0,1992257.6,1961681.595741198,1986436.9046550798,24936.625,1.2675422,24755.30891388189,1.261943271916582,6.292628517603386,6.2993455,0.0067169757132647945
2135,298.62636533829254,298.9834,0.3570330992074559,0.1195584652423434,1.971463837922784,24.65132554136163,0.994633040404796,0-1,1866873.2,1843807.6,1861914.2902131223,1838999.286984859,23065.625,1.2355218,22915.00322826323,1.2307227754098329,6.269959685160777,6.2657156,0.004244086100718469
2136,304.0923135903605,304.49142,0.3991109701863706,0.1312466485831696,1.092395150674858,24.55750425357172,0.99803571148146,0-1,1545952.4,1525020.5,1542909.0235662682,1522090.1214084972,20931.875,1.3539793,20818.902157770935,1.349327914982977,6.188340318980851,6.183276,0.005064142528214077
2137,314.9797495729202,314.57178,0.4079722291701841,0.1295233200621157,0.8958506153643088,13.436549150480658,0.9988141622737752,0-1,1072984.4,1087498.0,1071925.771167686,1086395.9739814405,14513.625,1.3526409,14470.202813754557,1.3499258253667754,6.030164712326501,6.036429,0.006264216048743165
2138,301.01479294086334,301.34134,0.3265461704647805,0.1084817683790487,0.7438531490981278,10.9503093445675,0.9991186367204444,0-1,1718416.4,1699150.1,1714398.5128419679,1695242.2806858756,19266.25,1.1211631,19156.2321560923,1.117373353546423,6.234111781304417,6.230232,0.0038800193720440745
2139,295.279005023043,295.70813,0.4291248597695016,0.1453286053087362,0.6500826580653535,9.988489366785316,0.9992826009172406,0-1,2099184.2,2067701.6,2092591.9893776388,2061342.3198589096,31482.625,1.4997553,31249.669518729206,1.4933474694234694,6.320684558469831,6.315488,0.005196696836530457
2140,310.54551807392767,310.10577,0.439744148146417,0.1416037658098587,0.8534830389603898,29.07832504316013,0.9988315549089812,0-1,1242973.6,1261390.6,1241333.3702276088,1259679.5836649346,18417.0,1.4816886,18346.213437325787,1.4779441105302644,6.093888430497521,6.10085,0.006961674788123595
2141,295.51440015170147,295.04987,0.4645344290452158,0.1571951921147492,0.7370203070123691,16.103415414062766,0.9990338931120796,0-1,2081850.2,2116207.2,2075382.6443175292,2109488.6956340135,34357.0,1.6503109,34106.05131648434,1.6433620763798866,6.317098180563832,6.325558,0.00846000501356059
2142,291.9148056907005,291.46466,0.4501450461692684,0.1542042532252445,0.6818686011350746,21.021912336488214,0.9991705732767012,0-1,2365029.2,2403312.5,2356345.452891787,2394316.856690807,38283.25,1.6187221,37971.403799019754,1.6114531828268202,6.372238960684948,6.3808103,0.008571300087757194
2143,299.1342754556989,299.56625,0.4319782064104629,0.1444094648640282,0.6799510638266253,15.03285193913254,0.999236236708923,0-1,1834158.2,1806834.8,1829414.0654794553,1802264.2275460619,27323.5,1.4897025,27149.837933393428,1.484072875884332,6.262312013841967,6.2569184,0.005393583513598088
2144,295.69525917330463,295.29593,0.3993302182265097,0.1350478933422688,0.7136604366549637,19.550073035842782,0.9991261575321216,0-1,2068639.4,2097930.8,2062266.0254153977,2091348.5395900586,29291.375,1.415973,29082.5141746609,1.4102212719526752,6.31434468709586,6.321791,0.007446484931727504
2145,299.14305720794704,298.74765,0.395407061462663,0.1321799225939577,0.7228997922292248,22.54671670291729,0.9991238683557118,0-1,1833598.5,1859002.5,1828859.8421455624,1854091.2146924036,25404.0,1.3854723,25231.372546841158,1.3796230834857461,6.262180423838829,6.26928,0.007099532978798173
2146,297.5502583186882,297.96323,0.4129679996711957,0.1387893265509756,0.6586032368155363,8.3581867977164,0.9992697796736189,0-1,1938320.2,1910552.2,1932876.1932334835,1905300.029658634,27768.0,1.4325806,27576.16357484949,1.4266906318876889,6.286204036999321,6.281159,0.005045112896537418
2147,306.240329260198,305.8552,0.3851351684011206,0.1257623936506055,0.6850841934117453,14.413682435712474,0.9992526141156702,0-1,1436899.4,1455812.6,1434409.1478157009,1453231.424885986,18913.25,1.3162543,18822.277070285054,1.312197227614406,6.156673046237069,6.163106,0.006432918423575629
2148,303.68924126332405,304.08224,0.3930036097228253,0.1294097901156986,0.6580982168557883,11.348957737936855,0.999295584881488,0-1,1567414.1,1546483.8,1564260.8327758592,1543441.9306180882,20930.375,1.3353443,20818.902157770935,1.3309098918513962,6.194309171224108,6.189346,0.004963334584703993
2149,309.65695853200464,310.13635,0.4793940070578628,0.1548145435938314,0.935197828661494,12.063591444131248,0.9986255522948078,0-1,1280500.9,1260100.5,1278707.91812859,1258393.5013132088,20400.375,1.593156,20314.416815381264,1.5886674765502151,6.106771354461944,6.1004057,0.006365661407745193
2150,300.987385417026,301.45648,0.4690965165677312,0.1558525504043252,0.752956845293347,11.489306062519688,0.9990650798911616,0-1,1720045.4,1692412.0,1716018.550279501,1688548.9681150154,27633.375,1.6065491,27469.582164485473,1.6007741967597782,6.2345219782915215,6.228506,0.0060158900346856115
2151,294.3615224648799,294.79526,0.4337351034794778,0.1473477579024366,0.8872164846569697,16.507782981524883,0.9986738883032856,0-1,2168272.8,2135308.5,2161159.363378488,2128445.975824093,32964.25,1.5203,32713.387554395013,1.5136962182767941,6.334686792836061,6.3294606,0.005226171955934333
2152,292.2281989879596,291.77106,0.4571418590533085,0.1564331781246558,0.8698000355137268,13.950608809628704,0.9987876545697912,0-1,2338765.2,2377179.2,2330296.956198822,2368396.2576902783,38414.0,1.6424905,38099.30149145657,1.634954780767689,6.367411267901938,6.376062,0.008650648449380682
2153,295.1881811892636,294.7587,0.4294836794979915,0.1454948764437905,0.7442394838456681,11.773141004530656,0.999054252887561,0-1,2105913.5,2138062.8,2099271.0910937833,2131174.4599294118,32149.25,1.5266178,31903.3688356285,1.5197355392059386,6.322068525177921,6.3300204,0.007951902525936028
2154,283.13331620488725,283.5878,0.454482867378374,0.1605190351563893,1.0589642778396418,26.04451105303052,0.9979509280787818,0-1,3249746.0,3195989.2,3232743.07403301,3179537.6339792935,53756.75,1.6541831,53205.4400537163,1.645829527285626,6.509571189930567,6.504606,0.004965419819482619
2155,308.41091272788884,307.9517,0.4592220540607172,0.1488994179871609,0.7357070927471602,12.570441208856494,0.9991486578953078,0-1,1335250.2,1356074.9,1333227.8622434626,1353961.4992729423,20824.625,1.5596046,20733.637029479723,1.555145794402362,6.124904381115217,6.132284,0.007379783313494315
2156,306.0538625914004,306.48672,0.4328622621152362,0.1414333602752573,0.8089070864289746,13.182154342845877,0.9989811497286964,0-1,1446021.9,1424941.9,1443489.883978715,1422514.6624190768,21080.0,1.4577926,20975.221559638157,1.4530909978962796,6.159413744678383,6.1537976,0.005616118183021435
2157,302.4124489125554,302.8672,0.4547385874445808,0.1503703267110116,0.77011195399789,21.316430751163185,0.9990583064902804,0-1,1637597.5,1612214.2,1634050.3402822157,1608811.8623080174,25383.25,1.5500299,25238.477974198293,1.5445349113197682,6.213265431737413,6.2074227,0.005842698430527982
2158,294.813751312798,295.27795,0.4642027887645099,0.1574562878079556,0.7052334471685556,10.424635371397926,0.999186345004808,0-1,2133911.5,2099262.8,2127060.417489361,2092663.0436512148,34648.75,1.6237202,34397.37383814622,1.6171319608658115,6.327779825873386,6.322067,0.005713041968356869
2159,291.9548122896417,291.496,0.4588100923760976,0.1571510634737962,0.7893418128992681,18.45761947979648,0.9989308921193848,0-1,2361658.5,2400627.8,2353005.9020337146,2391645.216004349,38969.25,1.6500798,38639.31397063425,1.6421256715607087,6.371623016516208,6.380325,0.00870182402944586
2160,301.59339446550854,302.07074,0.4773452805852116,0.1582744480963102,0.7482265403828279,18.47259216403296,0.9990915542455896,0-1,1684438.8,1656964.2,1680619.3111839327,1653306.0484213145,27474.5,1.6310774,27313.26276261825,1.625190343872527,6.225469349503794,6.219313,0.006156204819956379
2161,312.828862424309,312.35498,0.4738819555590225,0.1514828113642108,0.8361148992515172,21.473115157650795,0.998915536263123,0-1,1151992.2,1170251.6,1150682.3279993355,1168879.3274621514,18259.375,1.5850259,18196.999462815933,1.5814094837499268,6.060955443317777,6.0682797,0.007324299876803053
2162,281.81160574240283,282.25735,0.4457489939252923,0.1581726887191227,1.134216795954516,19.052743756886684,0.9978085037347776,0-1,3411779.2,3356163.8,3393069.936929918,3338059.718327371,55615.5,1.6301025,55010.21860254696,1.6212521293422184,6.530592811283703,6.5258436,0.004749190983409868
2163,282.87421462699325,282.42508,0.4491352812901255,0.1587756175946857,0.9362915861884908,25.8445949161698,0.9984387397819292,0-1,3280832.5,3335500.0,3263509.574491421,3317610.2983921953,54667.5,1.6662691,54100.72390077403,1.6577467498070684,6.5136848911679515,6.5231614,0.009476520117448928
2164,293.27038630069006,293.71652,0.4461359161068117,0.152124434292315,0.9018088343791326,19.74111119537733,0.9986370239066956,0-1,2253705.5,2218338.5,2245927.111754668,2210840.511462834,35367.0,1.5692823,35086.60029183375,1.5622323675687657,6.35139565776854,6.346028,0.005367806663803876
2165,293.9712356413994,294.4497,0.478471389850597,0.1627612949296372,0.7028671262709005,21.385561587881952,0.9991331417002212,0-1,2198417.2,2161527.0,2191073.212553988,2154466.050807628,36890.25,1.6780367,36607.16174636036,1.6707411480645977,6.340656889325646,6.3347607,0.005896223432091396
2166,300.3003065052343,299.84763,0.452680772812414,0.1507426942318235,0.7058291546641269,11.27219893201169,0.99920293293879,0-1,1761416.2,1789274.5,1757137.658397938,1784813.2979557938,27858.25,1.5815824,27675.639557855902,1.5750410575736586,6.244805786504247,6.252677,0.007871177301905341
2167,307.4356339996266,307.0034,0.4322465484547138,0.1405974131337159,0.7596018092689227,8.94933713005993,0.9990861529827472,0-1,1379906.5,1400223.4,1377686.521219972,1397908.5674797045,20316.875,1.4723371,20222.04625973245,1.467826384903975,6.139150409449639,6.146198,0.00704738641828051
2168,293.5061438659515,294.0174,0.5112511535797353,0.1741875474379272,0.7674684704228052,19.99206542258969,0.998979784349296,0-1,2234938.5,2194826.2,2227310.8920777533,2187506.2880204725,40112.25,1.794781,39804.60405728081,1.7871148656822207,6.347780840873427,6.3414,0.006380694389052088
2169,295.03024652207773,295.49594,0.4656946400316428,0.1578464057571785,0.7179701049857767,21.14568575859849,0.99915969714575,0-1,2117673.8,2083203.9,2110938.202814964,2076732.6755154734,34469.875,1.6277235,34205.52729949076,1.6203945361298229,6.324475519632007,6.318732,0.005743734811450629
2170,316.74016046835226,317.2718,0.5316290824289922,0.1678439139649646,1.4441933020567106,26.209943967205163,0.9967464725002312,0-1,1012771.06,995329.25,1011884.9099959577,994490.8238245505,17441.812,1.7221872,17394.086171407253,1.7189787098887304,6.005131119424673,5.9979672,0.00716387623009318
2171,309.36961191125687,309.8893,0.5197008328837569,0.1679870332684238,0.841310525844192,10.692787083019226,0.998911633592184,0-1,1292904.8,1270567.4,1291060.7035897793,1268817.1632468095,22337.375,1.727689,22243.54034296982,1.7228888061670464,6.1109466625718305,6.103998,0.0069484783677289386
2172,312.0324009955772,312.48062,0.4482203423134479,0.1436454486403804,0.9134187423980096,22.282868932064105,0.9987150620917185,0-1,1182863.5,1165379.2,1181448.8284577476,1164026.3205769102,17484.25,1.4781291,17422.507880837424,1.4746730845364335,6.072414915981335,6.066468,0.005947153987927223
2173,305.79886818246854,305.3336,0.4652805359841636,0.1521524715737447,0.7539986829804142,18.595947670682307,0.9991087754989468,0-1,1458599.8,1481862.2,1456009.646982808,1479152.0238865144,23262.5,1.5948515,23142.376903706463,1.5894384320641608,6.16316425246158,6.1708083,0.007644062815519881
2174,292.3815320954228,292.91068,0.5291429534053123,0.1809768727912059,0.7926586536093762,10.828916851457253,0.9989297064387566,0-1,2326032.5,2282673.0,2317670.611784365,2274661.4599888064,43359.5,1.8640969,43009.15179555863,1.8557059651563714,6.365051713918674,6.3584437,0.006607976888644451
2175,292.8743241743485,293.33868,0.4643599076827627,0.1585526177454629,0.7069213082821826,9.576502753811894,0.999173570493938,0-1,2285627.5,2248253.2,2277588.896060138,2240512.776108176,37374.25,1.6351855,37076.11995196203,1.6278670841826524,6.357475336826129,6.3518453,0.0056300723913143
2176,312.00776029346395,312.4887,0.4809482026298042,0.1541462309070263,0.8614347678344767,10.70406325651021,0.9988528448312852,0-1,1183834.0,1165065.9,1182415.1665783813,1163713.6817731757,18768.125,1.5853679,18701.484805205604,1.5816343813757987,6.072769991685948,6.066351,0.006419054796299228
2177,304.88536395097947,304.4159,0.4694703962919675,0.1539825953624493,0.7012223147519164,10.10501297992343,0.9992118184401432,0-1,1504662.9,1528953.8,1501839.6534393344,1526005.2118825354,24290.875,1.6143732,24165.558443201007,1.609063816357487,6.1766235669265726,6.184395,0.0077712694992086995
2178,287.3169405597745,287.7733,0.4563443523348951,0.1588296017094597,0.8937412136933149,10.549596778496038,0.9986737321392762,0-1,2789863.0,2744171.5,2777427.2889579376,2732151.505835304,45691.5,1.6377685,45275.783122633584,1.6301338761462443,6.443642698245603,6.438411,0.0052314624362770346
2179,307.3300133540609,306.82718,0.5028343989827704,0.1636138278507403,0.772249364613951,12.198526873355917,0.9990630427669818,0-1,1384840.9,1408599.5,1382596.3715240743,1406250.339197528,23758.625,1.7156214,23653.967673453735,1.7108368111352201,6.14069541278861,6.148788,0.008092562522668878
2180,313.5622452929569,313.00226,0.5599869921756522,0.17858878120115,0.8568971743324564,27.663078195727067,0.998827412496822,0-1,1124350.9,1145389.8,1123134.5861339164,1144102.702266197,21038.875,1.871202,20968.116132280556,1.8669281839550114,6.0504318012419604,6.058954,0.00852196081248291
2181,304.1193809602668,304.65997,0.540592184264483,0.1777565713035274,2.4836499003722703,14.50170065325537,0.9915154186623474,0-1,1544522.1,1516273.5,1541487.938094748,1513385.972895436,28248.625,1.8289557,28101.965199311962,1.8230415240255138,6.187940130788516,6.180778,0.0071621042077056885
2182,303.9559075059772,304.4669,0.5109809217572092,0.1681102124153191,0.9069189756765148,23.67273215892122,0.9985738848292648,0-1,1553178.1,1526293.6,1550099.7160521604,1523361.9929055078,26884.5,1.7309347,26737.72314665257,1.7249034284548475,6.190359636711108,6.1836386,0.006721064018236689
2183,304.2219057415174,304.7743,0.5523862506701107,0.1815734633979469,0.8035941000368961,13.83542695561465,0.9990030300687686,0-1,1539120.2,1510371.6,1536116.2350124016,1507516.8898980576,28748.625,1.8678609,28599.345114344032,1.8617956416633497,6.186424079181542,6.1790843,0.007339778186668866
2184,299.3229547227121,298.83203,0.4909234727120974,0.1640113011602738,0.7070397335648969,20.163473876407068,0.9991785055645104,0-1,1822169.0,1853550.5,1817498.2638007584,1848676.8790459116,31381.5,1.7222058,31178.615245153196,1.7154687773925228,6.259474004663339,6.2680044,0.008530412756094563
2185,296.84633851176847,296.30258,0.5437567246590902,0.1831778445997348,0.661241043207279,12.200775937187146,0.9992601889711434,0-1,1986681.0,2024944.8,1980901.7767435086,2018894.4968246012,38263.75,1.9260138,37992.72008109256,1.9179507296697194,6.296862941527508,6.306413,0.009550232148028748
2186,297.65290252585226,297.0947,0.5582064809303802,0.1875360449011237,0.7294771104230335,12.39018375194945,0.9991389815339357,0-1,1931377.8,1969464.9,1925983.9286966105,1963813.2239484782,38087.125,1.9720184,37829.295251867734,1.9641542532220564,6.284652658849004,6.2943482,0.009695581049677493
2187,300.0459903610115,299.47284,0.5731510055427407,0.1910210514238609,0.6696154409713487,14.766007276531582,0.9992702181791896,0-1,1777008.9,1812704.5,1772627.490037508,1808097.7834066523,35695.625,2.0087476,35470.2933691442,2.0010009755853253,6.2486174800912995,6.258327,0.009709527202401702
2188,310.8480838966237,310.35953,0.4885563087330524,0.1571688339232381,0.716492811351999,10.226966250485203,0.999203463595917,0-1,1230473.1,1250727.5,1228877.5560697343,1249056.9697653211,20254.375,1.646064,20179.413695586845,1.642101248892997,6.089508612445118,6.097163,0.007654587933299872
2189,318.15057100687574,318.6631,0.5125149306242633,0.1610919411529791,1.2595586001831125,16.727742112982284,0.9977704554522407,0-1,967225.0,951239.94,966452.8074714569,950508.2284810003,15985.0625,1.6526725,15944.578990456648,1.6498041981142006,5.9851806519960995,5.9782906,0.006890094134771374
2190,296.4695782651838,297.07452,0.6049456605974228,0.2040498266760833,0.7858523770925707,9.944928103031373,0.9989589445343618,0-1,2013107.0,1970858.0,2007142.1199751291,1965191.6768558528,42249.0,2.0986962,41950.443119276315,2.0900584319258932,6.302578124722532,6.2946553,0.007922801693967862
2191,308.8748547102486,309.43106,0.5562060807670264,0.1800748983884738,0.6822282295786418,9.101432900764706,0.9992712280979243,0-1,1314569.2,1290240.1,1312636.3337611349,1288406.8264717155,24329.125,1.8507298,24229.507289419416,1.8458659619754625,6.118144421354377,6.110671,0.0074733779583811
2192,308.3121776836845,308.86273,0.5505542499092257,0.1785703873409994,0.7727483388421409,25.177616892559318,0.9990085890715924,0-1,1339698.2,1315103.4,1337658.0962009267,1313169.240812955,24594.875,1.8358519,24488.855387971736,1.830726062027536,6.126345122469021,6.1189604,0.007384741914822079
2193,315.8516307878276,315.32544,0.5261913347026166,0.1665944650626433,0.9332381345236064,25.32851694815153,0.998625625817848,0-1,1042679.44,1060853.1,1041713.4940431667,1059832.333805049,18173.688,1.7429793,18118.839761882322,1.7393304267911796,6.017748289917982,6.0256557,0.007907456541978775
2194,299.76559112050944,300.32224,0.5566439869124338,0.1856930893341444,0.6463001710781837,24.847997723616388,0.9992410787981176,0-1,1794375.9,1760080.4,1789886.573089121,1755808.9434820665,34295.5,1.9112773,34077.629607054405,1.9038988346753543,6.252825510174133,6.2455325,0.007292997509337873
2195,300.2363922917057,299.6469,0.5894806706119766,0.1963388469040905,0.6454070743071981,11.621416209855056,0.9993099844886726,0-1,1765319.5,1801781.1,1761017.221735188,1797247.7958315955,36461.625,2.0654407,36230.57409640751,2.0573662567994844,6.2457636031381965,6.255702,0.009938415599596517
2196,297.586453298641,298.16345,0.576998849796496,0.1938928480784884,0.837688423616519,9.288676876082093,0.998894318766326,0-1,1935870.1,1897244.9,1930446.137077184,1892083.9347734961,38625.25,1.9952397,38362.20230368781,1.9872195119502574,6.285657688531163,6.2781234,0.007534309777501136
2197,285.6616074201055,286.22653,0.5649245623163779,0.1977600586296418,0.857514657003392,21.188954252516154,0.9986877863443272,0-1,2962717.0,2902446.8,2948611.244857261,2888925.6550534125,60270.25,2.0342898,59685.589803848416,2.024193250566598,6.469617517433908,6.4627643,0.0068532542808315
2198,280.92559373054064,281.45245,0.5268598827406095,0.1875442802288655,1.2728949110888768,14.99253299564748,0.9971094480130096,0-1,3525329.5,3457317.0,3505392.5325988745,3438118.3463771082,68012.5,1.9292523,67274.18622176629,1.919162707061787,6.544736657166144,6.5387397,0.005996975922247572
2199,302.6650940465808,303.2134,0.5483153772473202,0.1811624095519033,0.7757168556291567,28.68403265352032,0.9990295402108388,0-1,1623440.4,1593178.1,1619974.4886868086,1589883.0038273684,30262.25,1.8640814,30091.484859440243,1.857528317241165,6.209508175339061,6.2022643,0.007243866409617716
2200,300.01282764504214,299.5016,0.5112407309796367,0.1704062906218487,0.7039532432969265,11.833885893330034,0.9991428913560312,0-1,1779050.9,1810894.2,1774659.642261782,1806300.1102851792,31843.375,1.7899082,31640.46802339726,1.7829034520147127,6.249115073074908,6.257893,0.008778012404828672
2201,303.9523839981038,304.51834,0.5659570663493128,0.1861992522989533,1.5124770605206022,24.224848622401908,0.9966611662418012,0-1,1553367.4,1523618.0,1550284.457163458,1520697.4576464074,29749.375,1.9151539,29586.99951705057,1.9084884312899355,6.190411392907004,6.1828766,0.007534805992941429
2202,297.2301220915903,297.81796,0.5878405548940577,0.1977728740133938,0.772733362726048,10.954393164270584,0.9990615991593048,0-1,1960149.8,1920268.2,1954561.9575288817,1914949.2000102561,39881.5,2.034615,39612.757518625585,2.026682109822054,6.291049441658226,6.283362,0.00768752988454402
2203,299.1103098478367,299.68628,0.5759694490383254,0.1925608814123901,0.7766434014280603,24.05501054108608,0.9989475031964928,0-1,1835689.4,1799317.9,1830934.626933982,1794796.4233932232,36371.5,1.9813538,36138.203540758695,1.9737571734756278,6.262672838201926,6.255108,0.0075649585632540095
2204,291.5858861605961,292.14877,0.5628870327632853,0.1930433054133715,0.674697107384067,18.98124775179636,0.9992283469411356,0-1,2392938.2,2345392.0,2384028.1978770006,2336869.4765046025,47546.25,1.9869401,47158.72137239808,1.9781108887215917,6.377311387859289,6.3702154,0.007095971904699461
2205,303.66056839178503,303.09116,0.5694123859256592,0.1875160772244222,0.7515594856654935,10.269198147760818,0.9990936276655246,0-1,1568955.1,1599870.8,1565788.4996577434,1596533.683834083,30915.625,1.9704595,30745.184176339535,1.9635592024759376,6.194733098951249,6.204085,0.009351774248213651
2206,309.31222313585613,308.72897,0.5832497471842544,0.1885634331780284,0.8727340842277699,22.107403607145528,0.9988422310502952,0-1,1295395.6,1321033.9,1293544.050451261,1319073.8509471214,25638.25,1.9791831,25529.8004958604,1.9736320913813616,6.1117812228029775,6.1209145,0.009133236425538094
2207,287.9414290184076,287.37228,0.5691450828607003,0.1976600188451228,0.8816728280703308,26.073323967235524,0.9986249780929776,0-1,2727542.2,2784278.2,2715681.125220385,2771885.055619009,56736.0,2.0801144,56203.930398623925,2.069607137475053,6.4338787738237215,6.4447126,0.010833865031258938
2208,307.88094054342946,307.3301,0.5508319008513354,0.1789106853704818,0.7931424741259234,11.920112888289507,0.9989849137052274,0-1,1359315.6,1384834.8,1357187.3632932932,1382596.3715240743,25519.125,1.8773509,25409.008230781183,1.8721813154172584,6.132639807296731,6.1413984,0.008758622573874497
2209,302.6569595183464,303.28607,0.6291122589973384,0.2078631398394137,1.044240398522316,12.948598771094964,0.9983212927230164,0-1,1623893.1,1589212.2,1620429.236037695,1585939.4916438998,34680.875,2.1356623,34489.74439379526,2.1284326169114456,6.209630070191198,6.201182,0.008448181610876127
2210,309.1747138824522,308.61542,0.5592964019834312,0.1808997880066204,0.8332234286593067,20.554986718663912,0.9989115264015568,0-1,1301390.1,1326089.6,1299512.6094316458,1324111.5989436605,24699.5,1.897932,24598.98951201467,1.8929396554892428,6.113780497903992,6.1225734,0.008792877797912269
2211,295.00058809874685,294.3715,0.6290976202312208,0.2132530054552434,0.6645402863664167,12.991257224730733,0.9992701240473044,0-1,2119890.8,2167508.8,2113140.8852958204,2160399.082651225,47618.0,2.2462478,47258.197355404496,2.2363959584639233,6.324928452881397,6.335961,0.011032412139354797
2212,301.61309156870266,302.1865,0.5734013512192178,0.1901115592287233,0.9657874522199226,23.644261071708428,0.9985202108183044,0-1,1683294.2,1650375.2,1679482.4428067165,1646754.8443976063,32919.0,1.9556295,32727.598409110215,1.9486716606823544,6.225175468116941,6.2175827,0.007592765480222141
2213,307.1123693533246,306.50024,0.6121252126995955,0.1993163655337378,0.7097179208206823,10.7392799861602,0.9991527602550876,0-1,1395068.9,1424288.1,1392778.4489275166,1421860.9631021775,29219.25,2.0944664,29082.5141746609,2.088093350170327,6.143882038132056,6.1535983,0.009716270431176177
2214,292.8961506239722,292.2837,0.6124592177221757,0.2091045636541899,0.7992055557059254,26.740777717917624,0.9989124407809046,0-1,2283853.8,2334150.0,2275833.8555028103,2325721.060980527,50296.25,2.2022536,49887.20547771687,2.1920407483653968,6.357140553737057,6.368129,0.010988222813235637
2215,313.2121044688104,312.662,0.5501171641228666,0.1756372618663105,0.9922429183788162,11.757055749067405,0.9985702735426776,0-1,1137455.5,1158385.9,1136194.361617187,1157055.8963391036,20930.375,1.8401049,20861.53472191654,1.8360885625434327,6.055452629753229,6.0638537,0.008401110938909717
2216,282.821918521676,283.48212,0.6601981775427248,0.2334324655576954,1.214954481140081,14.729582376419728,0.9974156997373602,0-1,3287153.2,3208396.8,3269762.35056611,3191830.0233079433,78756.5,2.3958876,77932.32725816686,2.3834248150993007,6.514516188871794,6.5062885,0.008227660429411365
2217,291.189471181998,291.73074,0.5412722262051943,0.1858831722204993,0.7960398188794845,11.188945849757005,0.998964603746135,0-1,2427056.2,2380603.5,2417850.0320991813,2371792.6519672116,46452.75,1.9139543,46057.380131969694,1.9048898616752752,6.383429360109696,6.376687,0.006742310243973648
2218,301.5316332768248,300.92764,0.6039904545591526,0.2003074927812471,0.7118661740034872,9.26176339876818,0.999161833304136,0-1,1688032.2,1723599.5,1684193.341144806,1719549.9476762286,35567.25,2.1070244,35356.606531422585,2.0993199336240957,6.226391945935917,6.2364364,0.010044421098995393
2219,309.1880000058315,308.5577,0.6302912655971227,0.2038537283417322,1.4099562043662202,22.79975061192565,0.9970686712275066,0-1,1300810.2,1328667.8,1298937.0698156802,1326676.6582197545,27857.5,2.1415498,27739.58840407431,2.1355606094150947,6.113588111123971,6.123417,0.009828789510794245
2220,311.2881977833803,310.69583,0.5923664845522012,0.1902951955038199,0.7503679233789043,9.708796783695009,0.9991097498276716,0-1,1212536.8,1236747.0,1211014.5116927254,1235130.3321444232,24210.25,1.9966612,24115.8204516978,1.9913733666155096,6.083149347362964,6.0922813,0.00913199418977051
2221,304.46200645531115,305.11996,0.6579581442982203,0.2161051725167538,0.763379560912907,11.53068190478885,0.9990729548447396,0-1,1526551.8,1492682.2,1523610.6828630238,1489916.7463332799,33869.5,2.218693,33693.93652974395,2.2114531558960664,6.182874009074363,6.173968,0.00890617078700906
2222,312.5306083160144,313.15775,0.6271370453137592,0.2006642001220026,0.9247938394654064,20.66005524494622,0.9986912648584144,0-1,1163447.5,1139505.5,1162100.7497630003,1138237.1719824974,23942.0,2.0578496,23863.57778050285,2.053486135807898,6.065243781384234,6.056717,0.008526862438921867
2223,301.8127006979531,301.1563,0.6563896627968688,0.2174824522887682,1.0219529563418146,28.056066862843338,0.9983053906776548,0-1,1671753.2,1710037.0,1668014.2830515485,1706070.9519788595,38283.75,2.290036,38056.668927310966,2.2815553388240897,6.222199765140997,6.2330055,0.010805758540644028
2224,310.1343221483203,310.77197,0.6376505079297203,0.2056046243165459,0.8322657060457835,26.803982993794392,0.9988649056394442,0-1,1260186.4,1233604.8,1258478.7664415,1231996.838679721,26581.625,2.1093407,26481.927761778934,2.1042808562165707,6.0998458923555114,6.0911765,0.008669382498333711
2225,296.5294673136863,295.89984,0.6296260050925753,0.2123316818380548,0.7646060177896535,8.36999413656666,0.9990355457064544,0-1,2008880.9,2053804.6,2002942.812406787,2047543.5799304484,44923.75,2.2362576,44600.76752366149,2.22676190490272,6.301668549587774,6.312559,0.010890578219843405
2226,291.5731706090328,292.19247,0.6193037562016457,0.2124008031699402,0.7414280357586076,23.59856619677365,0.9989894977542088,0-1,2394026.2,2341743.2,2385101.117407998,2333252.813979584,52283.0,2.1838942,51848.30342841428,2.173840892949657,6.377506795871484,6.3695393,0.007967535007225912
2227,293.2790455331531,292.6437,0.6353382577624984,0.2166326805270095,3.7320287869785,27.84344384278367,0.978484987949973,0-1,2253015.2,2304438.0,2245244.9907283382,2296247.7483011982,51422.75,2.2823968,51002.75757285999,2.2715898613948196,6.351263736126152,6.362565,0.011301304462226547
2228,301.8292221263024,301.17947,0.6497482493492726,0.2152701599838405,1.1000272920116754,27.495832305594437,0.998060775986969,0-1,1670800.9,1708668.9,1667069.2612129876,1704706.7099262,37868.0,2.266458,37637.44871321251,2.2577015597916352,6.221953643701878,6.232658,0.010704265691432902
2229,287.6667557551768,288.29962,0.63286582685447,0.2199996399281814,0.9936769789142244,22.469737937222405,0.9983190523030004,0-1,2754764.5,2692491.2,2742653.3274698383,2680949.796296431,62273.25,2.2605653,61703.5311734071,2.2497750829606327,6.438170916069068,6.4301543,0.008016592491187247
2230,301.3651375017753,300.65628,0.7088569841971548,0.2352153238670412,0.6479893564940338,8.615402939969016,0.999297145135208,0-1,1697755.2,1739848.4,1693856.7223511434,1735700.5840600557,42093.125,2.4793398,41843.8617089123,2.4703306458430134,6.228876672037254,6.2405114,0.01163474535166209
2231,298.21155835898026,298.8752,0.6636552640666196,0.222545117874917,0.6958039815265623,23.223978117260984,0.999124297832356,0-1,1894064.5,1850766.5,1888922.0195993637,1845912.8678038048,43298.0,2.2859833,43009.151795558864,2.276915158450057,6.276214029305244,6.2673516,0.008862401955390453
2232,302.26885392511105,301.6285,0.6403444036266706,0.2118459759619559,0.772442920647754,21.524955666933053,0.9989660168719968,0-1,1645706.8,1682401.9,1642115.0003330929,1678594.2643870164,36695.125,2.2297487,36479.26405392354,2.2214804716188543,6.215403568289636,6.2259297,0.010526168801428426
2233,282.5719004029112,283.22226,0.6503591185731921,0.2301570388442246,0.9501574024892048,20.115957093343923,0.9984017829608448,0-1,3317519.2,3239148.2,3299818.3082887623,3222255.4632531907,78371.0,2.3623376,77562.8450355716,2.3505186585801616,6.518490027793059,6.5104313,0.008058738120207742
2234,289.1381249815493,289.7509,0.6127600282163144,0.2119264030834454,0.7134100261184987,20.0303247801956,0.999125981945166,0-1,2612340.8,2555421.8,2601525.329293167,2545108.2360738153,56919.0,2.1788507,56417.093219351955,2.1686159494238115,6.415228058684372,6.4074626,0.007765461791061412
2235,292.125263068877,291.48877,0.6364935376270182,0.217883770455329,0.869568087532065,17.739509617368014,0.9986572665390728,0-1,2347357.5,2401247.2,2338823.469027943,2392263.38818446,53889.75,2.2957623,53439.9191565169,2.284906059144664,6.368997443134373,6.380437,0.011439454143459038
2236,297.1607909618676,297.7712,0.6104187549292988,0.2054169909002662,0.8080075444655662,14.80327282078295,0.9989170626302556,0-1,1964911.9,1923410.2,1959287.0667216864,1918068.482620243,41501.625,2.1121368,41218.58410144341,2.103754207412346,6.292098071706601,6.284072,0.008026149404354754
2237,300.3816439932995,301.04807,0.6664211922473555,0.2218581613003692,0.6403584011416714,7.936304258657344,0.999332350533363,0-1,1756462.6,1716442.1,1752213.5972391204,1712437.41489127,40020.5,2.2784715,39776.18234785041,2.270053286341565,6.243587046151716,6.234629,0.008957891946393737
2238,290.90387159867095,290.25775,0.6461201338271962,0.2221077809231014,0.932944815141024,26.57027571605991,0.9985166453100376,0-1,2451966.0,2509364.8,2442555.6030215602,2499462.9707285864,57398.75,2.3409276,56907.36770702619,2.3298289560585235,6.387844458904866,6.399564,0.011719330462809374
2239,300.2012257303703,299.5175,0.6837391581046859,0.2277602819379542,1.7646946104599823,13.004141234757697,0.9961739227191908,0-1,1767474.2,1809892.5,1763155.955369826,1805305.350455115,42418.25,2.399936,42149.39508528914,2.3905653358070764,6.246290728386097,6.2576528,0.011362031165904618
2240,303.82782677994555,304.4773,0.6494681419294466,0.2137619021972727,0.6700981454287455,10.503229320416068,0.99927515211387,0-1,1560000.6,1525752.4,1556885.3991786693,1522821.9804263301,34248.25,2.1953998,34063.4187523392,2.1879207532108187,6.192256645749842,6.1834846,0.008772091459070097
2241,289.45935213638444,290.1596,0.7002547972093112,0.2419181802353279,0.7404429152824276,8.423366591023452,0.9990789113692028,0-1,2582329.2,2518210.5,2571782.0103742494,2508231.068087866,64118.75,2.4829812,63550.94228638336,2.4710858863631033,6.410234154102983,6.401092,0.00914210164326601
2242,292.8991160319439,293.61722,0.7181019856342346,0.2451704175016757,0.6968754577253603,10.412613314275204,0.9991654420449116,0-1,2283615.8,2226158.5,2275599.3764000097,2218592.5327099767,57457.25,2.516065,57006.84369003307,2.5051353186876724,6.357095806082695,6.347556,0.009539691885917634
2243,303.90900828495995,304.6395,0.7304875646494224,0.2403639065428694,0.6837234033525477,10.11019211373494,0.9992265985209472,0-1,1555673.2,1517331.0,1552579.510199963,1514444.6815717185,38342.25,2.4646723,38134.82862824458,2.4562238763110456,6.191053850366745,6.181081,0.009973032190475628
2244,298.59731743690213,297.8671,0.7302214896365058,0.2445505860215278,0.7102973419922165,11.621384157811804,0.9991251247206778,0-1,1868762.0,1916973.6,1863790.123035529,1911680.7034257597,48211.625,2.5798697,47890.58039023075,2.569526461071273,6.270397005904573,6.282616,0.012219132553679124
2245,299.62086294222803,300.35373,0.7328663058188454,0.2445978890195488,0.8106753800428641,12.623634911352951,0.998964035364108,0-1,1803410.0,1758162.5,1798860.727841771,1753897.5835228718,45247.5,2.5089967,44963.14431889914,2.49953448996826,6.2549975405155385,6.245059,0.009938527148839249
2246,300.68204843358365,301.37338,0.6913341347757296,0.2299219851591623,0.6308181338671065,11.95434956248971,0.9993304443339924,0-1,1738298.0,1697270.6,1734158.7063234563,1693380.658718184,41027.375,2.3602037,40778.04760527215,2.3514599590325043,6.239088840617977,6.229751,0.009337730541072453
2247,305.8034786623026,305.08945,0.7140316408182343,0.2334936292882188,3.642517833134817,25.50779819197747,0.9825858949024888,0-1,1458370.8,1494235.0,1455782.2733073647,1491465.729497237,35864.25,2.4591997,35683.45618987223,2.4511533657298665,6.163096426782081,6.1744194,0.011322976294090736
2248,315.5338965290399,314.78735,0.7465430134149074,0.2365967718926831,0.9301346348285602,25.445104454244078,0.9986474091307048,0-1,1053612.1,1079801.1,1052613.2196097265,1078725.6651489101,26189.0,2.4856396,26112.445539183682,2.480725593477279,6.022268819954017,6.0333443,0.011075448844811042
2249,290.4916632702395,291.23285,0.741185850854265,0.25514875108989,0.9324183737121414,10.648277397107307,0.998520078776069,0-1,2488416.8,2423296.5,2478686.701134961,2414126.7881637984,65120.25,2.616935,64559.9129711627,2.6046015796026776,6.3942216366641675,6.3844066,0.009815070044294494
2250,299.77098024805235,300.47495,0.7039648203070215,0.2348342123458747,0.7020559197317372,8.50254702102356,0.9991690775125932,0-1,1794037.0,1750798.1,1789552.6180033137,1746578.9933445428,43238.875,2.410144,42973.62465877086,2.401361336148837,6.252744472422884,6.243236,0.00950840751199511
2251,291.1644053232395,291.87283,0.7084279287136042,0.2433085623660401,0.6949716478088168,19.633383553425237,0.9991674489421706,0-1,2429231.8,2368571.2,2420010.082015892,2359855.534006442,60660.5,2.4971063,60154.54800945008,2.4857147685657885,6.383817175300575,6.3744864,0.009330728919959341
2252,302.48824420078233,301.80292,0.6853267203135829,0.2265630924349854,0.8266023871990654,24.09331602134253,0.9988439534640244,0-1,1633338.1,1672318.8,1629815.5055770858,1668575.611812799,38980.625,2.3865619,38760.10623571323,2.378189807562853,6.212138445235433,6.223319,0.01118060841446944
2253,304.0748694053566,303.30014,0.7747290244972191,0.2547823258174099,0.6830763181319973,13.049901140615232,0.9992384344235784,0-1,1546876.0,1588446.4,1543832.7291227563,1585179.2109166365,41570.375,2.687376,41346.48179388023,2.6781710877041918,6.188600243697722,6.2009726,0.012372313370149435
2254,309.4215139920709,310.13986,0.7183480684759616,0.2321584104505317,0.8695654250533771,14.699131152114546,0.9988593089120434,0-1,1290653.9,1259952.5,1288818.9412584563,1258244.2873386992,30701.375,2.3787458,30574.65391975711,2.372300168858688,6.110191910111022,6.1003547,0.0098372386327501
2255,299.972800436823,300.7179,0.745095070989521,0.2483875437721377,0.6386631679960022,10.56959274715642,0.9993388076159953,0-1,1781523.5,1736142.6,1777111.0147001543,1732012.8672614607,45380.875,2.547307,45098.14743869356,2.5377225770165412,6.249714558680788,6.2395854,0.010129159053102299
2256,297.9259517780543,297.17554,0.7504146686792978,0.251879590952296,0.8279885853044602,20.320480751003487,0.9988657909418108,0-1,1913039.8,1963898.1,1907772.7183790791,1958285.2014642647,50858.375,2.6585112,50512.48308518552,2.647720171200633,6.280526633977465,6.293119,0.01259231972736874
2257,289.94667815628463,289.23697,0.7097091621440086,0.2447723031893012,0.8421742527520854,20.463503760360183,0.998693863831976,0-1,2537522.2,2603064.2,2527373.089389243,2592330.9062924315,65542.0,2.5829132,64957.81690318836,2.5701712650143733,6.402669356958688,6.415485,0.012815548284232037
2258,310.56227059052355,311.2887,0.7264256985389466,0.2339066162665777,0.7901008672957045,23.78263663044423,0.999005301946382,0-1,1242277.8,1212516.8,1240637.038346564,1210993.1954106526,29761.0,2.39568,29643.84293591138,2.3894049604885783,6.093644742578921,6.0836883,0.009956483454165443
2259,293.1773056493128,292.4681,0.7091965184533819,0.2419002101416728,0.8665081770864564,11.613719982067224,0.9987307708087684,0-1,2261166.0,2318877.2,2253323.8616339304,2310572.289854122,57711.25,2.5522783,57248.428220191505,2.5406213991218967,6.352823615697374,6.365278,0.012454151484022624
2260,287.9463430640429,287.26,0.6863332984178783,0.2383545806189416,0.8769934056996748,18.247052378150244,0.9986731391980768,0-1,2727060.0,2795621.5,2715212.1670147832,2783125.8416987336,68561.5,2.5141177,67913.67468395038,2.501229020294848,6.433803771075377,6.4464784,0.012674595776429598
2261,289.234554882138,288.52225,0.7123075676848316,0.2462733292621604,0.877441178702043,11.84177783486514,0.9987023627966828,0-1,2603293.0,2670950.0,2592558.2799678748,2659605.092514198,67657.0,2.5989008,67046.81254632305,2.586125568106953,6.413728527986426,6.426666,0.012937254942040788
2262,298.8620587637382,299.62912,0.7670611093086563,0.256660585315397,0.6632115890657746,19.334086356399723,0.9992464264765069,0-1,1851612.0,1802893.2,1846758.4136593593,1798349.1370720237,48718.75,2.6311533,48409.276587335626,2.621310737196667,6.2664100863027485,6.25597,0.010440085082045414
2263,300.13596516149846,299.4025,0.7334688236078364,0.2443788511693919,0.7698298621295832,13.738155365542852,0.999024964679168,0-1,1771476.4,1817138.2,1767127.889262725,1812503.148368365,45661.875,2.577617,45375.25910564,2.567740534306847,6.247267981080753,6.259388,0.012119988889949695
2264,304.8181903165041,305.5715,0.7533123690427601,0.2471349784803091,0.6609311360949157,12.707032291780038,0.9993054735965704,0-1,1508111.4,1469917.9,1505271.5748530556,1467271.7493446055,38193.5,2.5325384,37999.82550845016,2.5244498164498785,6.1776148606076235,6.1672935,0.010321312023639173
2265,309.558731367927,308.8647,0.6940463093332596,0.2242050502876459,0.7547051362377696,11.548126177609646,0.9991247819117892,0-1,1284725.8,1315019.6,1282917.8838379686,1313083.9756846637,30293.875,2.3580034,30166.09184669517,2.35136575978273,6.108198859229679,6.1189327,0.010733864769344237
2266,311.8729942391346,312.68704,0.8140479971935406,0.2610190725809859,1.097163370033507,20.90753598392058,0.9982312423359344,0-1,1189150.5,1157423.5,1187712.262673473,1156096.6636458274,31727.0,2.668039,31615.59902764554,2.661890427609177,6.074711240418933,6.063493,0.011218465455554494
2267,294.70565486958003,293.99725,0.7084014516112802,0.2403759276097971,0.7854212991185783,9.844827151280723,0.9989679562389596,0-1,2142071.2,2196393.0,2135153.4992496683,2189062.376611787,54321.75,2.535945,53908.87736211857,2.524824439135787,6.329429102537047,6.34171,0.012280988100160428
2268,308.6745080792377,307.9621,0.7124109112689325,0.230796807842018,1.01129452214385,19.8220617719918,0.998505894516268,0-1,1323455.5,1355598.5,1321486.1435350268,1353488.9883536617,32143.0,2.4287179,32002.844818634912,2.421731395005479,6.1210626136895785,6.1321316,0.011068962848507446
2269,286.8693498409463,287.62326,0.7539106571005618,0.2628062766268215,0.9650599224336134,11.119630573001956,0.9983827930894422,0-1,2835487.0,2759102.2,2822617.80695228,2746945.0055938293,76384.75,2.6938846,75672.80135845067,2.6809439511103466,6.4506520770244995,6.440768,0.009884311979333482
2270,313.60503786956434,312.80646,0.7985803500330917,0.254645255528465,1.008206704737529,12.287297895670292,0.9984987143183064,0-1,1122762.0,1152847.5,1121550.0758331714,1151534.9792822476,30085.5,2.6795971,29984.903449076228,2.6735233758333257,6.0498186690670135,6.0617723,0.011953677429568543
2271,303.25763841095176,304.0296,0.7719636398294938,0.2545570307394491,0.6680749663177898,8.647589502358045,0.9992716389365252,0-1,1590762.5,1549269.2,1587481.3693804992,1546213.0472875526,41493.25,2.6083875,41268.32209294662,2.5996098529994858,6.200708637130802,6.1901274,0.010581264389102785
2272,301.2559436890121,300.47977,0.7761768433089742,0.2576469807713487,0.8404427497520284,20.43228542563068,0.9988730402617187,0-1,1704164.8,1750505.9,1700230.2906909115,1746287.6708228812,46341.125,2.7192867,46057.380131969694,2.7088906946395865,6.2305077491445715,6.2431636,0.012655836518270291
2273,310.7838220072993,311.5619,0.7780676411381933,0.2503565456247973,0.845759623819461,10.786658221972772,0.9988806323533592,0-1,1233115.9,1201530.5,1231513.6696194042,1200043.7318525894,31585.375,2.561428,31469.937766814837,2.5553868010690075,6.090439236806327,6.0797353,0.010703957723075419
2274,301.3809001958633,302.23944,0.8585407221054311,0.2848689885614772,0.7359863476856783,9.29404054144574,0.9991199713014708,0-1,1696831.0,1647371.8,1692940.1222220128,1643770.564907414,49459.25,2.9148011,49169.55731459893,2.9043884464184737,6.228641597773175,6.2167916,0.011849967981914844
2275,293.4195085373499,294.21652,0.7970136794469909,0.2716294098575718,0.8195927586560039,22.67549724740705,0.9987861459748918,0-1,2241819.8,2179421.5,2234132.1023410503,2172215.408346915,62398.25,2.783375,61916.69399413513,2.771398071280356,6.349108849004108,6.338341,0.010767612889606148
2276,294.1123712464246,294.90686,0.7944891051379273,0.2701311412950589,0.7187713709286162,10.404417312622144,0.9991433670886972,0-1,2187467.0,2126910.8,2180201.9086968587,2120111.309533627,60556.25,2.7683275,60090.599163231906,2.7561942278616303,6.3384967155185405,6.3277493,0.01074746319920461
2277,297.30574341749883,296.4831,0.8226501557800816,0.2767017368463195,2.7315066445146914,13.320662145883349,0.9906721950388688,0-1,1954969.9,2012152.4,1949417.6281219786,2006189.9927092106,57182.5,2.924981,56772.364587232005,2.912273069056276,6.28990488896854,6.303661,0.013755980629849063
2278,295.01313516404605,295.83246,0.819323332047702,0.2777243567789299,0.6509572932559742,9.306909497447776,0.99929835240568,0-1,2118953.0,2058676.6,2112210.0743119745,2052382.3759609747,60276.375,2.8446302,59827.69835099974,2.832469131674218,6.324737109684402,6.313588,0.011148967289382306
2279,303.14163461069785,303.92966,0.7880223717240256,0.2599518778527482,0.7420237497600114,14.250262959770794,0.9991098107881792,0-1,1597104.8,1554575.4,1593783.8834466913,1551485.2743868926,42529.375,2.6629045,42298.609059798764,2.653973948357695,6.202429430868228,6.1916122,0.010817187215883983
2280,296.47792830623087,297.33923,0.861305092206635,0.2905123821956137,1.1278142212487687,27.441007566160565,0.9979901999615794,0-1,2012517.0,1952678.9,2006552.3695044483,1947143.8913675463,59838.125,2.9732978,59408.47813690198,2.9607240279292535,6.302450498976412,6.290631,0.011819681563081552
2281,294.4014580979208,293.56924,0.8322137131551699,0.2826798883850526,0.6510913362301879,8.717230815791567,0.9993003822857396,0-1,2165213.5,2229948.0,2158125.3458967926,2222351.303782148,64734.5,2.9897513,64225.95788535522,2.9760068388736993,6.334076665300738,6.3482947,0.014218069654096332
2282,309.44095892199,310.28192,0.8409624647287615,0.2717683100706677,3.0800517002655017,34.96677824811701,0.9868899216865143,0-1,1289809.6,1253978.1,1287980.5008302594,1252293.4919267083,35831.5,2.7780457,35687.00890355115,2.770772451954556,6.1099092881434185,6.0982904,0.011618844723008337
2283,304.863128254844,305.7179,0.8547672529685428,0.2803773804531776,0.8747390832736636,12.097785440711789,0.9987162414696616,0-1,1505803.2,1462618.6,1502972.9691028716,1460010.0025851373,43184.625,2.8678796,42962.96651773434,2.8585322158773785,6.176951169891613,6.1651316,0.01181960098292123
2284,303.98702564929505,303.14206,0.8449663231231739,0.2779613114468898,0.6459149820599663,12.48325653086863,0.999319587830206,0-1,1551526.5,1597080.1,1548458.3623325545,1593762.5671646185,45553.625,2.936052,45304.20483206399,2.9257619019099095,6.189899531777189,6.2033267,0.013427170340730932
2285,293.8484762713816,293.0361,0.8123739764596962,0.2764601629955142,2.800554060183106,17.65897201832979,0.9875525053040652,0-1,2207991.8,2272527.8,2200573.1689311005,2264600.1748504434,64536.0,2.922837,64027.00591934286,2.909560419226739,6.342535813405544,6.356509,0.013973395273655598
2286,311.63907947290807,312.4956,0.8565259958419347,0.2748455031026992,0.9192013319379516,23.77050933407349,0.9987035634215352,0-1,1198446.1,1164799.8,1196974.1872341058,1163447.2282472658,33646.375,2.8075001,33526.95898683998,2.8009759395323313,6.078084784940525,6.0662518,0.011833030179782433
2287,306.1545822593246,307.02374,0.8691604164566229,0.2838959358512592,0.7635651864139542,9.729650657389785,0.9991000650324784,0-1,1441086.2,1399258.2,1438580.0336746126,1396949.3347864284,41828.0,2.9025328,41630.69888818427,2.893874370120764,6.157934028351035,6.1458983,0.012035686218466957
2288,305.0670474407964,304.23425,0.8327945111088866,0.2729873705125444,0.692216401724192,9.924893870194836,0.9992444729843388,0-1,1495374.1,1538471.4,1492595.4924470955,1535469.64112286,43097.25,2.882038,42874.148675764445,2.8724559931152345,6.1739421257418945,6.18709,0.01314779430205082
2289,311.0595233406515,310.18234,0.8771808113546058,0.2819977353318247,1.0858669746141052,15.98753715965148,0.9983103464990806,0-1,1221819.4,1258162.4,1220258.6726849643,1256460.8250719414,36343.0,2.9744987,36202.152386977104,2.966760507206283,6.0864519029795225,6.099737,0.013285264378875894
2290,296.9270242275408,297.80353,0.8765036044904377,0.2951915901796653,0.7428251774765062,9.825085077141908,0.9991082120724724,0-1,1981067.8,1921236.2,1975331.1216951495,1915915.5381308899,59831.5,3.0201643,59415.58356425958,3.0078796871924705,6.295639906175907,6.283581,0.01205912614661031
2291,298.2430702592617,297.4031,0.8399635698085604,0.2816372461155201,0.6877947082954388,10.37608203206193,0.999198781974732,0-1,1891981.9,1948320.8,1886854.3402383018,1942809.5806794097,56338.875,2.9777703,55955.24044110789,2.965530473011551,6.275738375166313,6.2896605,0.013922078630073997
2292,297.8052326650296,298.70264,0.897404053720436,0.3013392497135311,0.6939210363323257,23.57649108090133,0.9991504414591272,0-1,1921122.4,1861919.4,1915801.8512931683,1856990.2290543048,59203.0,3.0816882,58811.62223886349,3.0698175909562666,6.282350588594254,6.269961,0.01238970831471331
2293,298.4885569400759,299.36258,0.8740224056272154,0.2928160511703243,1.7855760269660748,9.857990015941397,0.9962320805426534,0-1,1875856.2,1819659.9,1870838.7069742691,1815011.364225598,56196.375,2.995772,55827.34274867107,2.984081018879566,6.272036346724726,6.25999,0.012046131423212536
2294,288.0406342545419,288.9047,0.8640593489737398,0.2999782829981444,0.9688077886233868,25.96803342878164,0.9983528850339108,0-1,2717784.8,2634387.0,2706017.7440140476,2623381.623845148,83397.75,3.068593,82636.12016889965,3.0537907724994824,6.432330640045094,6.4206796,0.01165107080070893
2295,286.74468615154314,287.61118,0.8664893855662399,0.3021814971344594,0.8341626762765899,13.092323880162596,0.9987490893232704,0-1,2848336.5,2760311.2,2835350.732777101,2748138.7173899063,88025.25,3.090409,87212.0153871947,3.075881032247971,6.4526067887627025,6.440958,0.011648765691413487
2296,297.8977872818961,298.80093,0.9031465559945104,0.3031733012302896,0.775014816327775,19.917188665519177,0.9990126697848188,0-1,1914922.6,1855556.1,1909641.4457741282,1850673.5041333975,59366.5,3.1002035,58967.941640730714,3.087906463866381,6.2809518317819375,6.268474,0.012477729761673828
2297,298.10113933968694,298.97205,0.870906558750562,0.2921513687199168,0.9768924716688476,14.37661747320152,0.9983946116194024,0-1,1901376.0,1844540.6,1896183.766358832,1839724.0405753343,56835.375,2.9891708,56459.72578349756,2.9775450452207477,6.277880424166706,6.265888,0.011992210055377761
2298,314.0637064254817,313.21252,0.8511820114192119,0.2710220869220917,0.8665390063884467,13.282669381229198,0.9988619574368328,0-1,1105874.8,1137440.5,1104717.3184230146,1136180.1507624718,31565.75,2.8543694,31462.832339457236,2.848043731619096,6.0432511624058725,6.055929,0.012678021554088481
2299,301.67020258759726,302.51874,0.8485352053714905,0.2812790915685806,0.6783194506211635,8.521477553573078,0.9992616639637428,0-1,1679985.6,1631624.6,1676192.6299401473,1628117.3084386194,48361.0,2.8786554,48075.32150152791,2.8681262906665186,6.224323926772079,6.2126203,0.011703668440779857
2300,303.9147005064204,304.80127,0.8865690248296687,0.2917164004743296,0.7269869622362342,24.40678129952869,0.9990464759307008,0-1,1555369.2,1508980.9,1552281.0822509439,1506138.436990683,46388.375,2.982467,46142.645260260906,2.972570225061947,6.190970364742805,6.178684,0.012286130123664307
2301,292.5370829006257,293.43875,0.9016683200774196,0.3082235972058676,0.7914011970004924,8.854467883372166,0.9989324419165216,0-1,2313196.5,2240286.8,2304937.685959544,2232611.5408865237,72909.75,3.1519048,72326.14507302037,3.137878542816703,6.362659188723614,6.3503036,0.012355538821270606
2302,307.43765078614604,306.56006,0.8775921923960368,0.2854537139976036,0.7452678879923109,10.922150974855526,0.999115849084294,0-1,1379811.1,1421404.2,1377594.1506643232,1418990.3704497067,41593.125,3.0144072,41396.21978538344,3.004964834194509,6.139121290076768,6.152718,0.013596777092421242
2303,303.4512134842994,304.32318,0.8719676680443627,0.287350199734653,0.7657356620481182,10.823686696247703,0.9990563534173396,0-1,1580244.5,1533804.6,1577022.1803101106,1530829.7970583464,46439.875,2.9387777,46192.38325176411,2.9290890025833813,6.197837801584164,6.1857705,0.012067289956966931
2304,315.14646853026096,314.27957,0.866896997057836,0.2750774905080667,0.8094377966641791,9.340106302298736,0.9990210524056988,0-1,1067114.8,1098026.1,1066078.0044523804,1096894.242902296,30911.375,2.8967247,30816.238449915545,2.890617602203052,6.027788982986823,6.040613,0.01282419145165381
2305,305.11447400766,306.0013,0.8868382481993535,0.2906575478215724,0.6725339017740302,9.345388843628411,0.9992616369913794,0-1,1492962.5,1448604.1,1490193.8580002263,1446062.0486821665,44358.375,2.9711647,44131.80931805982,2.9614810906067444,6.173242769072232,6.16095,0.012292585203823592
2306,305.40276276870503,306.28787,0.8851095457480938,0.2898171377769841,0.7401295437891098,10.489699249433045,0.9991417305954068,0-1,1478379.6,1434582.1,1475691.6807633627,1432106.9893518381,43797.5,2.9625342,43584.691411524545,2.953509325808394,6.168995628943459,6.156726,0.012269745459572157
2307,292.2652323253489,293.1072,0.8419759266042206,0.2880862427272688,0.8177858912434541,21.888815137964244,0.9988227971469896,0-1,2335683.2,2266798.8,2327241.622435054,2258915.8329643626,68884.5,2.9492228,68325.78947069123,2.935913005852833,6.366841475612765,6.355413,0.01142851556027491
2308,290.04623363122755,290.93228,0.8860478629130739,0.3054850434774542,0.892943833340439,11.695590362510671,0.9986803967351788,0-1,2528472.5,2449477.0,2518406.0400639507,2440090.0197284725,78995.5,3.124238,78316.02033547824,3.1097455727786274,6.40112575227812,6.3890734,0.012052380390913164
2309,293.6122463600179,294.5257,0.9134494407633724,0.3111074051193798,0.7489074520195514,9.50860199985209,0.9990621120036411,0-1,2226549.8,2155727.5,2218983.331214645,2148710.654647971,70822.25,3.180807,70272.67656667391,3.1668861851344996,6.3461540398666685,6.333594,0.012560194499236843
2310,304.4990943564151,303.59076,0.908335079071378,0.2983046898681987,0.8802710058514192,16.48302506504521,0.9988051285488382,0-1,1524618.8,1572709.9,1521692.2174764716,1569525.9544478415,48091.125,3.154305,47833.736971369945,3.1434567662241166,6.182326819472152,6.196649,0.014322255082291235
2311,288.58023751176955,289.4733,0.8930596073710717,0.3094666547755713,0.7617182278978061,19.375347863955938,0.9990552567994292,0-1,2665372.2,2581036.8,2654077.070029984,2570503.0334498812,84335.5,3.164117,83574.03658010298,3.148892604658191,6.423913529908509,6.411794,0.0121193442700811
2312,295.5139217886487,296.3626,0.8486880746325483,0.2871905558613679,0.753548426898087,10.393670429733149,0.9990565751395734,0-1,2081886.9,2020680.5,2075418.1714543172,2014659.662119471,61206.375,2.9399471,60758.50933484617,2.927530951136974,6.317105614907299,6.3054976,0.01160796857551194
2313,314.8706275116351,315.80032,0.9296959746930042,0.2952628455820796,1.0780523613874022,19.31982361811083,0.998317476098768,0-1,1076843.6,1044437.06,1075776.9127955057,1043464.9818868154,32406.562,3.0094028,32311.930908690323,3.003590291292345,6.031722219669656,6.0188828,0.012839468204812299
2314,286.83674498520446,287.7348,0.8980572608892885,0.3130900334737838,0.902066529526942,10.697195129142557,0.9986022281346802,0-1,2838842.0,2747994.8,2825943.1469556373,2735945.804044263,90847.25,3.2001517,89997.34291137429,3.1846834218277746,6.45116342035337,6.439016,0.012147555027442358
2315,290.95754548921764,291.8869,0.9293563662511132,0.3194130486248391,0.8785276861455686,10.53596209624051,0.998703251658182,0-1,2447264.5,2367380.5,2437887.337247616,2358676.03306508,79884.0,3.264216,79211.30418253597,3.2491782114905208,6.387013631576768,6.374268,0.012745576614610066
2316,308.0389095672387,307.0656,0.9732967742699544,0.3159655303407387,0.6830763981407773,9.24265001241713,0.9992514144374623,0-1,1352092.0,1397277.8,1349996.670807401,1394981.131408373,45185.75,3.341914,44984.46060097194,3.332190484148958,6.130332697493704,6.145283,0.01495052470478253
2317,302.688365376644,301.8186,0.8697618610189579,0.2873456533212593,0.83643060660222,11.996441980702969,0.9989186687104477,0-1,1622143.2,1671413.8,1618688.4063350828,1667673.2225383837,49270.5,3.0373704,48984.81620330084,3.0262041793583188,6.209163256144881,6.223084,0.013920716786027576
2318,292.2618458575218,291.27795,0.9838917559592916,0.3366473489115444,1.7653424228197971,12.63597370210124,0.995079740068172,0-1,2335965.2,2419393.8,2327525.839529358,2410261.4356812635,83428.5,3.5714786,82735.5961519056,3.5546585454293096,6.366894511093863,6.3837066,0.01681205857776824
2319,307.0787822760063,308.02652,0.9477374993843456,0.30863008259962,0.9680420120982388,24.39304161879136,0.9984774586457074,0-1,1396656.6,1352654.8,1394359.4065145827,1350557.9995686514,44001.875,3.1505148,43801.40694593126,3.141328321900855,6.144374730826452,6.1311874,0.013187291861608053
2320,288.70233065733254,289.63174,0.9294137274330864,0.3219280306178855,1.0543286193520054,13.086871459014048,0.9980791213084078,0-1,2653668.8,2566379.2,2642481.0125823794,2555979.539930945,87289.5,3.2893896,86501.4726514346,3.2734945772382504,6.422011875388991,6.409321,0.012691044090162862
2321,307.9347829589387,308.873,0.9382028809050666,0.3046758381401073,0.7181299905114293,11.83811141323281,0.9991774268509468,0-1,1356849.4,1314650.0,1354735.9908549208,1312718.0461757472,42199.375,3.1101,42017.94467917364,3.1015596369192022,6.131854668726051,6.1188107,0.013044015039527679
2322,308.61114774465875,309.532,0.9208651947943736,0.2983901267093198,1.263208184726276,20.21636732260345,0.9976261252845016,0-1,1326280.4,1285878.6,1324296.3400549581,1284065.4103562213,40401.75,3.0462449,40230.92969873687,3.037909905955588,6.121985178797019,6.1092005,0.012784701196921766
2323,288.2591752458968,289.1752,0.916026170118812,0.3177786689139745,0.8046443467643059,26.55755892092876,0.9989135336067468,0-1,2696420.0,2608861.2,2684843.5704883966,2598072.091597373,87558.75,3.2472224,86771.47889102343,3.2319007276553893,6.428918987073645,6.416451,0.012468009748205944
2324,299.7789957980695,298.82565,0.9533427218976273,0.3180151829382325,1.474829899259861,24.324920520543657,0.9968017955821016,0-1,1793540.6,1853961.6,1789055.2380882816,1849088.9938326525,60421.0,3.3688114,60033.755744370865,3.355612194988497,6.252623749861158,6.2681007,0.01547698866423275
2325,301.0535029375873,302.02576,0.972253898350175,0.3229505349923588,0.8187697135062264,9.089534600828957,0.9989143816955942,0-1,1716121.8,1659531.4,1712110.5652328203,1655864.0022700508,56590.375,3.2975733,56246.56296276953,3.2852179120289975,6.23353180725703,6.2199855,0.01354632218012597
2326,295.5197710602831,294.49072,1.0290484040331194,0.348216432471181,2.2110580749298623,16.68714192057419,0.993380693620227,1-2,2081454.9,2158396.5,2074991.845812861,2151353.8736249986,76941.625,3.696531,76362.0278121375,3.6801121877287812,6.31701639438525,6.3341312,0.01711484645947614
2327,297.3050981302242,298.25885,0.9537519674320264,0.3207990624547812,0.643706915675053,20.927473072743997,0.9993136820345973,0-1,1955012.9,1890943.5,1949460.2606861242,1885824.0532714496,64069.375,3.2771845,63636.20741467457,3.2642987753070396,6.289914386617805,6.2766786,0.013235824453498246
2328,300.74209897702383,299.7485,0.9935943383519544,0.3303808617854539,0.7262747687853848,23.56781754781205,0.999081968729888,0-1,1734690.6,1795440.0,1730570.4655078677,1790938.1763380459,60749.375,3.5020292,60367.71083017811,3.4883127866429926,6.238189287627939,6.254171,0.015981606994864173
2329,296.16194820452955,295.23453,0.9274206166389264,0.3131464464835466,1.8596933219761804,18.35648631347854,0.99560954810282,0-1,2034967.6,2102473.5,2028842.0951252426,2095860.4859621348,67505.875,3.3172946,67018.39083689218,3.3032827442766104,6.307248247188896,6.3227305,0.015482294040351618
2330,293.77866514874955,292.79153,0.9871307249214284,0.3360117129069302,0.7866079657656638,21.94006956799491,0.9989541111325398,0-1,2213458.0,2292363.0,2205994.6100049503,2284267.997776283,78905.0,3.5647843,78273.38777133264,3.5482130108720886,6.343604446976354,6.3602834,0.016678927810023225
2331,306.28558459332385,305.3136,0.971985960511347,0.3173462968562228,0.6713844698484672,25.32704085819905,0.9991912521783594,0-1,1434694.0,1482871.4,1432220.6761895597,1480160.9945712937,48177.375,3.3580244,47940.31838173396,3.347271770247009,6.156009939108466,6.171104,0.015094015206719824
2332,306.3804306016477,307.3837,1.0032669081179506,0.3274578947969385,0.8191961885441511,15.463173970889244,0.9988995179094414,1-2,1430087.5,1382329.8,1427630.5701165495,1380102.3665215564,47757.75,3.3394985,47528.2035949931,3.3291668439905275,6.154615839010985,6.140612,0.014003713614256341
2333,303.659743150918,302.62372,1.0360248891992114,0.3411795315536147,0.6460534662844981,9.811586368472632,0.9993337664158138,1-2,1568998.2,1625750.4,1565838.2376492466,1622269.5417233137,56752.125,3.617093,56431.30407406716,3.603903820792245,6.194746894296011,6.211054,0.016306953970590676
2334,294.52965850413574,295.46283,0.9331710857080112,0.3168343352745603,0.7245956387061367,12.934281531222553,0.9991037804533484,0-1,2155429.2,2085634.4,2148412.226698952,2079141.4153897,69794.875,3.2380965,69270.8113092517,3.2242793281663045,6.332117615297568,6.319238,0.012879429414999422
2335,300.1679549887523,301.1719,1.0039505288258397,0.3344629272180167,0.6850752940901532,11.23361029577964,0.9992277408697742,1-2,1769513.0,1709115.4,1765181.0021667422,1705154.351849729,60397.625,3.4132342,60026.650317013264,3.400594627028681,6.2467892446880535,6.2327714,0.014017848051090631
2336,291.22296200307755,290.16827,1.054688077296305,0.3621582824520407,0.7458792483968084,19.507916075658443,0.9990682840792456,1-2,2424153.2,2517428.2,2414979.4394467105,2507449.47107853,93275.0,3.8477354,92470.03163181944,3.829019416124098,6.382913437624653,6.400957,0.01804366991929207
2337,289.629460345108,288.65616,0.9733018978423617,0.3360507238050382,0.8944215954123214,11.708024935354558,0.9986579702992734,0-1,2566590.5,2658086.5,2556185.5973243155,2646857.9558346616,91496.0,3.564885,90672.35851034615,3.5471742977214697,6.407592383511217,6.424569,0.016976746432630918
2338,295.3606468556346,296.3664,1.0057471873341228,0.3405149596065547,0.6675843523017341,8.505256652870472,0.9992454885077262,1-2,2093152.1,2020409.9,2086609.2195425387,2014389.6558798822,72742.25,3.4752493,72219.56366265658,3.46109673945032,6.3194411219512565,6.3054395,0.014001649752770184
2339,294.3419640745635,295.37628,1.0343176637177294,0.3514000006657947,0.8172745629694222,20.01393517373475,0.9989279400710528,1-2,2169773.2,2092001.0,2162651.503123584,2085458.1403106074,77772.25,3.5843492,77193.36281297682,3.5693852061455145,6.334986541415848,6.320562,0.014424655582107704
2340,293.5374948641076,294.57202,1.0345266202673995,0.352434233570853,0.7269550626261414,21.955833010043705,0.99907050768937,1-2,2232456.5,2152203.5,2224845.3087846655,2145214.7843880313,80253.0,3.594829,79630.5243966342,3.5791488101315605,6.347299820316188,6.3328834,0.014416462314478906
2341,297.5873969186049,298.60062,1.0132195364731729,0.340477972845841,1.220696506845749,10.217032705811391,0.9975450355983934,1-2,1935804.1,1868546.6,1930382.1882309655,1863576.960214801,67257.5,3.474396,66805.22801616462,3.4607254679129653,6.285643301654204,6.271504,0.014139376330717823
2342,291.83905586601514,290.7655,1.073552936327644,0.3678578705450986,0.97885767544436,14.59942909864654,0.9983627810798544,1-2,2371423.2,2464137.8,2362683.494094767,2454620.6186747663,92714.5,3.9096565,91937.12457999913,3.8912162720814916,6.373405547288484,6.391665,0.018259434553557163
2343,301.9845001870033,301.00208,0.9824249916907776,0.3253229854785304,0.7511072785389299,11.415210671752304,0.9990546497850576,0-1,1661890.9,1719169.4,1658208.7932980591,1715144.582714516,57278.5,3.4465861,56935.78941645683,3.4335717942500836,6.2196392138307335,6.2353187,0.015679446905350503
2344,286.34162129041124,287.39966,1.05803691271376,0.3695016141717958,0.9031165500803658,20.460059401709916,0.998623688810418,1-2,2890330.5,2781519.2,2876931.693673782,2769156.57151369,108811.25,3.7646646,107775.122160092,3.7461828654842133,6.458929550658933,6.444282,0.014647495757809992
2345,307.04840047218937,306.0394,1.0090022788299962,0.328613429439241,0.7347057008485333,18.645082689272783,0.999093417680094,1-2,1398092.6,1446730.1,1395791.1501271394,1444196.8740007961,48637.5,3.4788468,48405.72387365671,3.4679775601992846,6.144820440398309,6.160388,0.015567552460577616
2346,316.0421296720812,314.99707,1.0450593595812163,0.3306709015869336,1.15427469000293,19.28829992615056,0.9980735514853368,1-2,1036185.7,1072371.9,1035236.8970067134,1071318.2571286112,36186.188,3.4922493,36081.36012189777,3.48532400904793,6.015039742343995,6.030346,0.015306174404051909
2347,294.8370951906134,295.91452,1.077425073058464,0.3654306363186437,0.6562937983830129,7.790875433446629,0.9992764731581244,1-2,2132155.0,2052742.8,2125319.5877867485,2046491.9766815235,79412.25,3.7245064,78827.61110522505,3.7089768314474547,6.327424244869301,6.3123345,0.015089707363197924
2348,295.0958227218294,296.12,1.0241723953581072,0.3470643487636008,0.6419574971587741,9.560034457148092,0.9993083799646209,1-2,2112782.8,2037972.8,2106092.30135708,2031826.374615435,74810.0,3.5408278,74265.9267416452,3.5262427337012374,6.323477400606181,6.3091984,0.014279021089579125
2349,305.7792909876486,304.72665,1.0526369349142328,0.344247294025138,1.8795945594889656,26.65677720759689,0.9953025536768474,1-2,1459570.6,1512826.2,1456975.9851034416,1509961.1569090723,53255.625,3.6487184,52985.17180563067,3.6366537504644496,6.1634523934837775,6.1797895,0.016337149668077977
2350,302.15218005192287,303.19498,1.042796754717756,0.3451230285806834,0.7231495835474746,22.15265936864772,0.9990489330419317,1-2,1652326.1,1594184.2,1648694.6260662314,1590884.86908479,58141.875,3.5187893,57809.756981441285,3.506395670092938,6.217140222354132,6.2025385,0.01460173205872195
2351,304.6527453900162,305.7184,1.0656689166244178,0.3497979035968145,1.01629616473653,14.784843990744465,0.9984107469635232,1-2,1516644.8,1462594.5,1513762.5605453888,1459981.5808757069,54050.25,3.5638041,53780.97966968198,3.552801547047471,6.180057759753368,6.1651244,0.014933343402049992
2352,293.2140384146056,294.211,0.996960120550682,0.3400110465178264,0.7130093239934348,22.09283739480888,0.9991052403428556,0-1,2258216.0,2179845.0,2250403.5309899566,2172641.733988371,78371.0,3.470483,77761.79700158536,3.4554601399588902,6.352260400586335,6.3384256,0.013834764294831103
2353,291.9999836639701,293.0411,1.041123513764262,0.3565491684966578,0.7999074212960866,20.123813611679367,0.9989267588004768,1-2,2357860.2,2272126.0,2349240.025534186,2264202.2709184177,85734.25,3.6361039,85037.75461576832,3.619798474888996,6.370927391592233,6.3564324,0.014494953695504798
2354,299.47692494748685,298.46017,1.0167503869399752,0.339508757517215,0.832397591114046,18.53061671765184,0.998873264691332,1-2,1812445.8,1877715.0,1807841.9880217786,1872686.1180872454,65269.25,3.60117,64844.13006546674,3.586825092851289,6.257160468877668,6.2736297,0.01646919649708778
2355,300.966754832158,302.03348,1.066722951045108,0.3544321536908599,0.6755895227090074,10.646012042963264,0.9992475012030568,1-2,1721269.6,1659090.5,1717233.5783576507,1655423.4657738796,62179.125,3.6123986,61810.112583771115,3.599400417203922,6.23482937197655,6.21987,0.014959281491931264
2356,311.76663863545406,312.76776,1.0011225950146925,0.3211128039216844,0.8281979211060351,11.668775577467612,0.9989552734099222,1-2,1193367.2,1154328.1,1191915.1229554939,1153012.9081726286,39039.125,3.271342,38902.21478286525,3.2638410263981408,6.0762453301152,6.06233,0.013915560980678698
2357,308.2256347480948,309.2796,1.053967302686431,0.3419466727833368,0.7298166098568655,14.043757924108718,0.99916047138067,1-2,1343609.2,1296815.9,1341551.870392892,1294958.0304954236,46793.375,3.4826624,46593.83989746845,3.473129956862779,6.127607469098829,6.112879,0.0147286696603528
2358,295.1275922740974,294.0716,1.0559980358161738,0.357810676961517,0.8921101584091125,9.615354031098434,0.9986332464388926,1-2,2110415.8,2190620.2,2103740.404901714,2183335.402161561,80204.5,3.8004122,79594.99725984689,3.7834990036979175,6.322992148184003,6.340567,0.017574963784991127
2359,294.1847767269371,293.13196,1.052818719124616,0.3578766824164544,0.8461658908069694,23.08673272738029,0.9987441572260896,1-2,2181868.5,2264803.5,2174645.4645032147,2256940.5241589495,82935.0,3.8011,82295.0596557348,3.784297762510665,6.3373884634238,6.3550305,0.01764207322781175
2360,301.9104569783289,302.9724,1.0619551310460906,0.351745064306374,0.7211493231936584,12.3441595147564,0.9991445905086094,1-2,1666133.2,1606402.8,1662422.3117211165,1603035.1498662878,59730.5,3.5849771,59387.16185482871,3.5723270456677643,6.220741359010225,6.2058544,0.014886943116670714
2361,311.8998466387881,310.8807,1.0191398516787444,0.326752277265148,0.8660652794309517,16.820669636490464,0.998827375072942,1-2,1188089.4,1229133.6,1186653.5539971902,1227545.2884401842,41044.25,3.454643,40891.734442994,3.445970755765404,6.074323944271645,6.0895996,0.01527566510335543
2362,310.2822386820825,311.3626,1.0803711811987569,0.348189824138053,0.7601103790722196,11.934028374304477,0.9991029935613532,1-2,1253964.4,1209533.0,1252279.281071993,1208019.5740614966,44431.375,3.5432725,44259.70701049641,3.534331972066855,6.097701195250207,6.082618,0.015082958708458882
2363,303.07850127299326,304.1412,1.0627035609911104,0.350636404933881,0.8056016637040294,25.01242709227968,0.998874696634126,1-2,1600564.8,1543371.1,1597230.0157151278,1540343.9642901742,57193.625,3.5733402,56886.05142495362,3.5615441023053918,6.203367463015516,6.188471,0.014896622561414219
2364,296.1606944282963,297.2283,1.067607573656801,0.3604825332131574,0.791927891115572,10.925779468235165,0.9989256040665834,1-2,2035059.2,1960274.6,2028934.4656808914,1954682.749793961,74784.625,3.674813,74251.71588693047,3.6596409170866098,6.307268019604659,6.292317,0.014951105999922554
2365,301.76949809040053,300.70926,1.060239057197407,0.3513406967591512,0.6872228989519408,14.89496331184492,0.9992461583159205,1-2,1674246.0,1736663.1,1670486.9717719937,1732531.5634585656,62417.125,3.7280738,62044.59168657195,3.714161962050936,6.222843092898666,6.2397156,0.016872483273209227
2366,305.70094138027736,304.63678,1.0641615951211063,0.3481054360893643,0.7646049785896746,9.294316142097728,0.999072345585826,1-2,1463463.5,1517474.2,1460848.4430133342,1514579.684691513,54010.75,3.6906111,53731.241678178776,3.6780846045429456,6.164605162014255,6.181122,0.016516664157619765
2367,297.9628159608515,296.90756,1.0552537049921398,0.3541561726718231,0.8001992503360086,11.30094140501464,0.9989477157915172,1-2,1910579.5,1982421.1,1905328.4513680644,1976674.047465736,71841.625,3.7602007,71345.59609767166,3.7445300334671474,6.279969852621124,6.297196,0.01722605878634642
2368,306.65774263270725,307.7761,1.1183498965896206,0.3646899266225605,0.7871192356363339,10.969036420941876,0.9990222699354478,1-2,1416706.6,1364133.0,1414314.9992484052,1361983.5267596738,52573.625,3.7109747,52331.47248873138,3.700128508609564,6.1505461472259375,6.134857,0.01568896949156251
2369,306.46307971894,307.5538,1.090722771294395,0.3559067448825178,1.0679586401379797,14.590813634943643,0.9983279842957764,1-2,1426084.5,1374410.2,1423651.530796293,1372215.3421546193,51674.25,3.6235054,51436.18864167365,3.6129760358494316,6.153403699432571,6.138117,0.01528686288471981
2370,293.5550745638179,292.44724,1.10783945639605,0.377387261331505,0.7865448720924104,20.387415961065383,0.9989355493522004,1-2,2231067.0,2320599.0,2223459.7504499336,2312277.592419946,89532.0,4.0129676,88817.84197001252,3.994578357086948,6.347029272163318,6.3656,0.018570836937024104
2371,302.56795322760235,303.6497,1.08173549310078,0.3575181976681648,0.7242587452612135,10.130582589585757,0.9991515116992146,1-2,1628869.9,1569537.5,1625374.6134785854,1566371.1447010667,59332.375,3.6425486,59003.46877751872,3.630145831504098,6.210953472278959,6.195772,0.015181301258451185
2372,291.28932325354754,292.34467,1.0553422737962137,0.3623003624055284,0.7470227196712336,12.305991726004862,0.9990620175122192,1-2,2418411.0,2329089.0,2409280.8867059145,2320704.629266061,89322.0,3.6934166,88576.25743985362,3.6764603881849314,6.381887435297291,6.367186,0.01470136580876602
2373,296.26144385537253,295.13425,1.1271970292006586,0.3804737513366498,2.5245323465962626,15.061680002086716,0.9924790327484146,1-2,2027868.2,2109922.2,2021793.5111865024,2103250.13041404,82054.0,4.046318,81456.61922753742,4.028928709922216,6.305736798370936,6.3242664,0.018529635344884277
2374,305.650302505553,306.75104,1.100735092103264,0.360128906492172,0.7818043782677826,11.794828893987033,0.9990779167804916,1-2,1465985.2,1412237.0,1463356.6588705673,1409867.001722547,53748.25,3.666357,53489.65714802034,3.6552713806150425,6.165350188122485,6.149908,0.015442122326586372
2375,308.8166726870594,309.999,1.1823202328624802,0.3828550520200019,0.9480909458809604,11.774321022461862,0.9986842715227764,1-2,1317143.8,1265908.1,1315201.3930372288,1264177.319182296,51235.625,3.8899038,51024.073854932794,3.8795635501192387,6.1189922601929805,6.1024027,0.016589573120226575
2376,303.62040743377764,304.7518,1.1313931033317317,0.3726340771670622,0.679403714594723,11.157211946883024,0.9992369558012631,1-2,1571113.4,1511527.9,1567941.4441470965,1508667.969129989,59585.5,3.7925653,59273.47501710756,3.7803372848116905,6.195329839624789,6.1794167,0.01591318313064871
2377,297.74380902837106,298.8984,1.1545979540508142,0.3877823548434541,0.7586029490150434,13.342711171937651,0.9990639404402902,1-2,1925250.5,1849271.5,1919901.682878504,1844427.8334860662,75979.0,3.9464474,75473.84939243784,3.9311309566269084,6.283278989288649,6.2670007,0.016278314087233348
2378,293.98644382818395,295.13486,1.1484133495504238,0.3906347975084175,0.6863694473030011,22.234322834676465,0.9991627197517238,1-2,2197235.0,2109875.8,2189893.7116126264,2103207.497849894,87359.25,3.975872,86686.21376273222,3.958466719322964,6.340423036492937,6.324257,0.016166139520280787
2379,286.4880747769542,287.61038,1.1223073031239323,0.3917466037627244,0.8919047827189448,13.410234891391156,0.998545677085279,1-2,2874996.0,2760387.0,2861740.289983231,2748223.9825181975,114609.0,3.9864056,113516.3074650336,3.966687957756599,6.456630217912563,6.44097,0.015660273912319056
2380,308.5278647351629,309.66052,1.1326577257745498,0.3671168329469402,0.8078527382287611,11.616797634713665,0.998979113551614,1-2,1330004.8,1280349.1,1328005.3731356259,1278558.7041540805,49655.625,3.7334924,49446.66898154537,3.7233786836866596,6.123199832199493,6.107329,0.01587094044534254
2381,296.1077269681949,297.25552,1.1477967134457003,0.3876280856287771,0.6830891221308683,20.716148559533167,0.9992282281613052,1-2,2038847.9,1958409.5,2032700.34218042,1952828.233253627,80438.375,3.9452858,79872.10892679286,3.929359742278408,6.308073360276238,6.2919035,0.01616986448766422
2382,298.0770559452204,299.1867,1.1096505977483275,0.3722697120144179,0.7521822798564616,15.992903254064489,0.9990977545349784,1-2,1902973.6,1830820.4,1897775.3820869345,1826095.8309034556,72153.25,3.7916052,71679.5511834789,3.777030298741401,6.278244808674567,6.2626457,0.01559908723902037
2383,305.0844025039055,306.19443,1.110024986328881,0.3638419326647389,1.898722028495122,25.69396940623996,0.99511424702969,1-2,1494491.0,1439139.9,1491721.5248821105,1436640.2520059876,55351.125,3.7036772,55081.27287612297,3.6924635032316764,6.173687756451043,6.1581035,0.015584290417107738
2384,319.88324343253345,318.7561,1.1271399169084475,0.3523597875317193,1.2104512095559428,27.600153126111195,0.9977709146304868,1-2,914352.06,948372.1,913702.1147686271,947644.7412558871,34020.062,3.7206743,33942.626487259986,3.7148460027210435,5.960804630089927,5.9769793,0.016174625586342195
2385,287.9227730118668,289.0848,1.1620353377425658,0.403592715361446,0.9266686676404512,13.406936129442755,0.9985595896771824,1-2,2729387.5,2617359.2,2717514.325478646,2606499.128443488,112028.25,4.10452,111015.19703515805,4.085174307797054,6.43417184216401,6.4178634,0.016308473175972615
2386,293.6445914642203,294.80325,1.158661709607827,0.3945796187936962,0.7315560761172923,9.191245662014936,0.9990859570865755,1-2,2223996.5,2134703.8,2216453.799075339,2127842.0144986967,89292.75,4.014968,88611.78457664233,3.99790803731661,6.345658683067901,6.3293376,0.016321086174590604
2387,294.9191285844508,293.7684,1.1507264848414138,0.3901837396457315,0.7621656350775278,9.527548782432646,0.9990331723910866,1-2,2125993.0,2214265.0,2119194.7094044965,2206790.4178690016,88272.0,4.152036,87595.70846450515,4.1334431459164955,6.326170861069044,6.3452296,0.01905876463286038
2388,305.88524914178606,307.0314,1.146153446104563,0.3747004634320532,0.7281046481393343,10.131711787471971,0.9991143949057378,1-2,1454323.8,1398895.8,1451753.495995605,1396586.9579911907,55428.0,3.811256,55166.53800441418,3.799993466975002,6.1618928805395425,6.145786,0.016107071976310117
2389,299.4198220655084,298.24417,1.175650922930231,0.3926429836275225,1.1062489276066514,18.541936003287105,0.9980157628471488,1-2,1816047.2,1891911.2,1811416.017982652,1886783.2859647258,75864.0,4.1774244,75367.26798207383,4.160682429318985,6.258018203801309,6.276901,0.018882564478720276
2390,305.1272418627422,306.31573,1.1884930005390402,0.3895073390640319,0.687285658483098,10.252209458440872,0.9992294740357625,1-2,1492310.2,1433228.1,1489547.2641106846,1430756.958153894,59082.125,3.9591048,58790.30595679069,3.9468573688993147,6.173054288159857,6.156316,0.01673848463202532
2391,295.9728576975777,294.79913,1.1737243967964446,0.3965648762278551,0.8297116841811114,10.268811501445184,0.998831139256654,1-2,2048539.2,2135010.8,2042313.985395254,2128147.5478750737,86471.5,4.22113,85833.56247981964,4.202760353874189,6.31012251132673,6.3294,0.01927755123430508
2392,300.5781873508596,301.82132,1.2431322292185314,0.4135803200408036,2.195071265019924,10.934187758743375,0.9941131625132672,1-2,1744556.0,1671256.0,1740375.9552613571,1667516.9031365165,73300.0,4.201642,72859.05212484067,4.186397307120876,6.240643074523319,6.223043,0.017600109588015833
2393,289.1760384075236,290.4024,1.226366377632644,0.4240899019110212,0.8045461545922625,22.0320672537362,0.9988879339021765,1-2,2608775.2,2496391.0,2598001.037323797,2486595.041783971,112384.25,4.3079314,111405.99553982634,4.2881428428752955,6.414639320141132,6.3973126,0.017326678997332756
2394,296.0109453602685,294.8596,1.151356737221647,0.3889574879808433,0.8949297187640265,27.276693766847643,0.9986740580781804,1-2,2045799.2,2130461.0,2039599.7121446505,2123635.601502997,84661.75,4.1383214,84035.88935834635,4.12021480773706,6.309544942002046,6.3284736,0.01892862596060052
2395,298.5162941474462,297.32794,1.1883522529149673,0.3980862271886586,0.9395670432076692,26.88095723384977,0.9985940493165788,1-2,1874044.8,1953450.9,1869041.033852796,1947904.1720948096,79406.125,4.237152,78863.13824201352,4.219443918759073,6.271618836199708,6.2908025,0.019183642590575367
2396,301.8087648381574,300.59793,1.2108339299542763,0.40119243409103,1.137181002818696,26.417145010866832,0.9979468001365552,1-2,1671980.9,1743361.1,1668234.5512996342,1739189.3488926378,71380.25,4.269202,70954.7975930036,4.253286657905894,6.222257111753657,6.2413874,0.019130255494878234
2397,303.5527409270182,304.78854,1.235802774153683,0.4071130342554876,0.7992622888033976,28.27244970721074,0.9989706700900174,1-2,1574757.4,1509637.1,1571565.212099473,1506785.0308802247,65120.25,4.135256,64780.181219248334,4.122016746139837,6.196332406777303,6.178873,0.017459344643514285
2398,305.46652883694355,304.25223,1.214301053740428,0.3975234400848597,0.7506574050603743,14.242041150279434,0.9990765053585792,1-2,1475175.8,1537527.5,1472501.3438797998,1534531.7247116566,62351.75,4.2267337,62030.380831856746,4.212585685553051,6.1680556998186065,6.1868234,0.018767668253903302
2399,296.0055896075238,297.1467,1.1411083905230726,0.38550231164083,0.7517449208081135,23.82651428724336,0.9989706023534436,1-2,2046183.4,1965885.1,2039976.2997946034,1960253.4048423201,80298.25,3.9242938,79722.89495228324,3.9080304491924838,6.309625121872853,6.293558,0.016067001145313675
2400,310.8039689286046,309.57886,1.225111506729604,0.3941749878396909,0.7926095429934862,9.23756070869166,0.9990388623184876,1-2,1232287.5,1283858.5,1230689.4400459225,1282054.5744140202,51571.0,4.184981,51365.13436809764,4.17368774742887,6.090148474141338,6.1085176,0.018369172648212917
2401,302.50142229001153,301.33173,1.1696962157927828,0.3866746169118444,0.8066124314279928,22.81425089832108,0.9989090057718673,1-2,1632595.9,1699711.8,1629083.646559253,1695803.609447126,67115.875,4.110991,66719.96288787294,4.095551694278591,6.211943384066934,6.2303753,0.018431905850058605
2402,300.47845296834004,301.69705,1.2185990336130883,0.4055528845995111,1.0006174595918074,20.84672935887727,0.9985119119769098,1-2,1750586.6,1678431.4,1746372.9359511724,1674650.7522035479,72155.25,4.1217756,71722.18374762451,4.1069225404916505,6.242136992365456,6.2249036,0.01723340883884461
2403,294.2986122408122,293.05597,1.24264300253094,0.4222388250727249,2.35307247004306,16.963369442510725,0.9921957737650784,1-2,2173101.5,2270926.5,2165948.421417511,2263008.5591223408,97825.0,4.5016303,97060.13770482969,4.481184166024988,6.335648110386961,6.356203,0.02055496883667196
2404,310.08487670970754,308.87744,1.2074353034575438,0.3893886461892528,0.7330697359921172,11.422545632973964,0.999128267117004,1-2,1262274.6,1314453.8,1260557.1039435985,1312522.6469234133,52179.125,4.133738,51965.54297981481,4.122426728407849,6.100562524241632,6.118746,0.018183279591375445
2405,290.2684652360469,291.52182,1.253354832312482,0.4317915937899941,1.251990926880675,22.376924754442257,0.9976076414280058,1-2,2508400.5,2398417.2,2498503.73803531,2389456.7443782077,109983.25,4.384597,109046.99365710234,4.364491915583487,6.397680003531215,6.379925,0.017755229361292812
2406,290.19233696944303,291.41727,1.2249298762600915,0.4221096563239281,0.7812084458089972,8.806044260163986,0.999004360496549,1-2,2515259.5,2407384.8,2505303.6320165345,2398352.739429924,107874.75,4.288812,106950.89258661028,4.268979265420409,6.398860368014925,6.3815455,0.017314824344270896
2407,306.7503482699298,307.96304,1.212694942960809,0.3953361258757819,0.70777316863599,9.59786313386502,0.9991793467722688,1-2,1412269.6,1355556.9,1409902.528859335,1353446.3557895161,56712.75,4.015717,56456.17306981888,4.004260714071779,6.149189089505204,6.132118,0.01707086440754768
2408,291.17987868210554,292.38837,1.2084880171132113,0.4150314309432669,0.8755394792076538,12.243810492501568,0.9987250671662156,1-2,2427887.8,2325470.8,2418681.367100021,2317109.283023115,102417.0,4.218358,101572.08407690609,4.199481810979103,6.383578658926238,6.366511,0.017067790853728226
2409,289.7038348832109,290.98926,1.2854229292890975,0.4437024210629776,0.7328229320950561,10.668529023547364,0.9990732748738614,1-2,2559743.5,2444490.5,2549399.9141978063,2435144.642287582,115253.0,4.5025215,114255.27191022411,4.481653555957527,6.406437966856613,6.3881884,0.0182496047350309
2410,294.2128123816619,295.4664,1.2535877648224982,0.4260819760617039,0.8566928352568861,22.246036124911345,0.9988095716564424,1-2,2179706.2,2085371.1,2172499.625441219,2078878.5145774689,94335.125,4.3278823,93621.11086375033,4.309372934632224,6.336959710244375,6.3191833,0.017776360634999655
2411,308.79215686998737,310.03418,1.242022817512634,0.4022196775015792,0.7012694242991298,9.51028386410428,0.999209015972658,1-2,1318228.9,1264419.0,1316281.4179955842,1262692.2848645574,53809.875,4.0819826,53589.133131026756,4.071251967731306,6.119348750384823,6.1018915,0.01745723274566302
2412,299.1357498540919,297.92352,1.2122269048731482,0.4052430729073441,0.6683598010229594,18.80903842028789,0.9992460052082782,1-2,1834065.6,1913201.4,1829321.6949238065,1907936.143208304,79135.75,4.314772,78614.44828449748,4.2974643827078145,6.262290084943438,6.2817607,0.01947060765299735
2413,303.99444822562856,305.2398,1.2453589032776904,0.4096650154457324,0.8075568944876088,10.891120456440548,0.9989194756595476,1-2,1551134.8,1486602.9,1548067.5638278865,1483870.0276519614,64531.875,4.160301,64197.53617592505,4.146946662791942,6.189789911099655,6.1721954,0.017594476529342096
2414,298.41518947822703,299.70975,1.2945578362260903,0.4338109727221321,0.9632568543117962,14.82987705471038,0.9985898442426748,1-2,1880661.4,1797854.5,1875606.4487312194,1793339.810784915,82806.875,4.403072,82266.6379463044,4.386135375145188,6.273141717265559,6.2547545,0.018387173961115444
2415,287.1232747703138,285.86856,1.254713979298174,0.4369948692950409,0.8794832576565892,13.7203199804745,0.9986997258415806,1-2,2809505.5,2940476.0,2796881.949063049,2926598.630903413,130970.5,4.661692,129716.68184036389,4.637903358195678,6.446674136034571,6.4684176,0.021743508466161465
2416,294.2208789959127,295.4453,1.2244335040873011,0.416161323515151,0.8609525910814906,26.83852780915741,0.998734050833758,1-2,2179086.5,2086919.5,2171888.5586884655,2080420.3923140683,92167.0,4.229616,91468.16637439723,4.211457627901128,6.336837537496776,6.3195057,0.017331845968455717
2417,317.55847528812774,318.84042,1.2819482958566368,0.4036888937363416,1.1272139184977308,17.25756838170514,0.99812971635265,1-2,986061.75,945778.75,985246.6628323116,945058.3656977203,40283.0,4.0852413,40188.29713459127,4.079008704181857,5.9935449725242265,5.97579,0.01775494872051553
2418,301.06618962542456,302.33148,1.2652923081691938,0.4202704759851725,0.6648039181085451,11.95789597390862,0.999303455917402,1-2,1715368.2,1642165.4,1711364.4953602722,1638590.7083637228,73202.875,4.2674727,72773.78699654946,4.25238382552919,6.233342517702904,6.215417,0.017925609438743884
2419,308.7546934991294,310.05222,1.2975220770424585,0.42024367705559,0.9568957111005738,24.435679422615635,0.998570951439928,1-2,1319891.5,1263655.8,1317936.9825699052,1261932.0041372941,56235.75,4.2606344,56004.9784326111,4.249442816560504,6.119894644873735,6.1016293,0.018265387671586808
2420,301.09669143915903,302.41168,1.3149906897472192,0.4367336895871976,0.7080630198779254,13.19318891154208,0.9991854866870712,1-2,1713561.1,1637640.6,1709573.9276661568,1634100.078273719,75920.5,4.4305687,75473.84939243784,4.414775411056471,6.232887885877433,6.2142186,0.018669269391836885
2421,300.3241657479123,301.63956,1.31539113685335,0.4379904406219079,0.7956987475033969,20.639534337137263,0.9990107350127264,1-2,1759962.5,1681759.1,1755688.1512169873,1677961.88135219,78203.375,4.443468,77726.26986479736,4.427111375725808,6.244447378180002,6.225764,0.018683580419992296
2422,312.63117537521345,311.31332,1.31785140060407,0.4215355039440362,0.8356049231006272,25.668188066618768,0.9988868574204012,1-2,1159571.9,1211522.8,1158235.3972804653,1209998.4355805884,51950.875,4.480177,51763.038300123066,4.4691293688366445,6.0637968334420025,6.083332,0.019535228325575638
2423,303.71834226640067,305.0119,1.2935595890680816,0.4259076285664238,0.7502129205853288,9.775474161193316,0.9991007173229258,1-2,1565854.0,1498187.6,1562711.8496119021,1495395.0308259903,67666.375,4.3213716,67316.81878591189,4.307692349208843,6.1938789052998295,6.1755667,0.018312232021020947
2424,291.91955971732466,293.22125,1.3016927240815903,0.4459080184082431,0.6500099453409551,13.720295296162874,0.999286282347156,1-2,2364626.8,2257640.8,2355947.5489597614,2249827.9913739907,106986.0,4.524435,106119.55758577073,4.50432598266572,6.372165617417733,6.353655,0.018510755967537484
2425,306.12123493835225,307.44327,1.32203288391338,0.4318657881344349,0.6939812779921909,23.46469235712287,0.9991524024598826,1-2,1442716.9,1379550.5,1440200.0711121457,1377331.249852092,63166.375,4.378293,62868.821260053664,4.365283860283756,6.158422828028857,6.139738,0.01868474514311469
2426,307.057992333281,308.37674,1.3187471686721324,0.4294782098492857,0.7347031832946154,9.321466949494592,0.9991613103484112,1-2,1397638.4,1336787.5,1395336.402776253,1334762.6345527044,60850.875,4.3538356,60573.76822354854,4.341158741578518,6.144678924639424,6.126063,0.01861605461378879
2427,305.9550988186712,304.67545,1.2796532620305925,0.4182487126285801,0.7560068544015653,10.27095594531599,0.999049597966342,1-2,1450878.8,1515472.9,1448321.5745818836,1512590.1650313847,64594.125,4.4520693,64268.59044950106,4.437453088969884,6.160865000093838,6.1805487,0.01968366781387676
2428,294.30149074548393,295.639,1.3375168228754433,0.4544716438531895,0.6708070775413885,10.625677521582958,0.9992349018829294,1-2,2172879.5,2072736.2,2165735.258596783,2066337.435291303,100143.25,4.6087804,99397.82330547995,4.589564809961191,6.335605366990303,6.316544,0.019061311051582486
2429,301.0067817038315,302.30228,1.295494907496618,0.4303872823607308,0.6429246836014798,13.61387918176436,0.9993041686777476,1-2,1718893.8,1643816.0,1714867.4710475695,1640232.0620833286,75077.75,4.367795,74635.40896424092,4.3522552164715105,6.234230562386527,6.215853,0.018377348122610826
2430,301.77656684359255,303.09726,1.320692677891827,0.4376392414114538,0.7015575057212262,22.276223794409265,0.999186509722213,1-2,1673836.0,1599533.5,1670081.9624126104,1596206.8341756333,74302.5,4.439055,73875.12823697715,4.423443274020917,6.222737785488925,6.2039933,0.018744465023837087
2431,290.07507640272934,291.39178,1.3167082652394129,0.4539198201955636,0.9211271607975656,9.679371288611549,0.9986621447920934,1-2,2525858.8,2409579.8,2515805.4536510687,2400527.00020135,116279.0,4.6035433,115278.45344971865,4.582168835130734,6.400677054232477,6.3819413,0.018735735720514235
2432,296.2506742063262,297.54767,1.2969942507050405,0.4378029701298631,0.6643290193215609,11.021944157602718,0.9992901413802016,1-2,2028636.5,1938494.8,2022560.8973411233,1933053.8289174235,90141.75,4.4434648,89507.06842369982,4.425432556387627,6.305901606665549,6.2874646,0.018436987982688002
2433,307.1436331606848,305.85974,1.2838919497472716,0.4180102763437694,0.8264464220693102,22.507389132468177,0.9989311245766298,1-2,1393594.5,1455585.8,1391314.7308918508,1453011.1566379003,61991.25,4.448299,61696.4257460495,4.434397507349131,6.143425383355464,6.1630383,0.01961287042871529
2434,300.2816261232221,301.6727,1.391072851387264,0.4632560670949711,0.7432968420286815,11.23144390832499,0.9991091027002243,1-2,1762557.6,1679839.9,1758267.4213477965,1676050.5213929953,82717.75,4.6930523,82216.89995480119,4.676017934278621,6.245084929203733,6.225268,0.01981704208825441
2435,302.9084138150951,304.22836,1.3199492220142588,0.4357585203361163,0.7727781747028584,18.50380708159102,0.9990356717538612,1-2,1609934.1,1538780.6,1606545.2309809427,1535782.2799265943,71153.5,4.419653,70762.95105434838,4.404665968299015,6.2058929572693655,6.187177,0.018715776025469033
2436,292.87397344032144,294.20935,1.3353771456160644,0.4559562360320736,0.757862792954364,22.16346022716911,0.9989792735917368,1-2,2285655.0,2179972.0,2277617.3177695684,2172769.631680808,105683.0,4.623751,104847.68608876038,4.603393435357083,6.357480756291678,6.338451,0.0190298476307893
2437,316.6864176228884,318.0299,1.3434896036741293,0.4242334147951879,1.5511864903861776,14.872289578321356,0.9966600378373452,1-2,1014551.8,971031.2,1013661.266835358,970254.2111077735,43520.625,4.2896404,43407.05572758452,4.282205224542217,6.005892851919189,5.9872336,0.018659213155761023
2438,298.338136419853,297.00735,1.33078168352489,0.4460648911649944,0.7091023681466082,12.330845782982124,0.9991614702844596,1-2,1885720.9,1975502.9,1880637.091300401,1969803.0992109359,89782.0,4.76115,89166.00791053497,4.741266048777093,6.274304997330437,6.2956777,0.02137266456531517
2439,295.5277338769575,296.861,1.333258554683141,0.451144986357944,0.898152822875184,10.920120480475902,0.9985753428010304,1-2,2080872.2,1985658.2,2074416.3061968954,1979885.7006313717,95214.0,4.5756774,94530.60556552373,4.556973703066873,6.316895917598308,6.2979045,0.018991426173747605
2440,305.7559388894404,307.08636,1.330425856653335,0.4351267424226253,0.6726791486272201,9.383321569687666,0.9992949362981252,1-2,1460728.1,1396297.9,1458127.064335373,1394000.582433024,64430.25,4.410831,64126.48190234904,4.397866514574191,6.163795370988288,6.1449785,0.018816847733893027
2441,305.43939120756824,304.1173,1.3220816372557351,0.4328458199280801,0.7592717588415296,19.804302331775546,0.999055800783356,1-2,1476536.9,1544632.4,1473858.4805051016,1541601.6249324696,68095.5,4.611839,67743.14442736795,4.5963126937500745,6.168455784685609,6.1888256,0.020369822614195954
2442,295.28370792156966,293.88354,1.4001629996946576,0.4741755004196016,0.8748713757489517,22.74001777274026,0.9987343888301926,1-2,2098834.0,2205251.8,2092243.8234371163,2197851.7902531396,106417.75,5.0703273,105607.96681602322,5.047593671111025,6.320612294441388,6.343458,0.02284588121779141
2443,309.60472235655124,308.22717,1.3775495049887354,0.4449381438705262,0.8007636634750837,14.230590293574975,0.9989384746509302,1-2,1282745.4,1343540.0,1280946.1277462344,1341484.368832995,60794.625,4.7394147,60538.241086760536,4.726056761908854,6.1075308651744145,6.128251,0.020720210570214448
2444,287.17935795658013,288.57242,1.3930602563104912,0.4850837003825023,0.7264746402033824,21.465831234770675,0.9990706426492268,1-2,2803804.5,2666121.5,2791226.0288863988,2654830.24532989,137683.0,4.910578,136395.78355650883,4.886590413852151,6.445795006364469,6.42588,0.01991505107272129
2445,310.9319587811521,312.29297,1.3610099688478954,0.4377195493776293,0.8683909947327887,15.880606766382456,0.9988038753949596,1-2,1227031.5,1172664.6,1225452.7400833706,1171280.9619090206,54366.875,4.4307647,54171.77817435004,4.420552209191241,6.088296567226797,6.0691743,0.019122277523427655
2446,302.9721187620376,301.61182,1.36030235578761,0.4489859863494659,0.6590585125002313,12.65670436664584,0.9992794424325724,1-2,1606418.6,1683368.2,1603049.360721003,1679560.6025076502,76949.625,4.790135,76511.24178664712,4.772856261408862,6.2049468952541496,6.226179,0.021232227670655135
2447,291.67597590965966,290.26688,1.4090996889565304,0.4831044739155921,0.8413604652859796,15.400915201942126,0.998738546625466,1-2,2385258.0,2508541.0,2376411.1797496523,2498645.846582462,123283.0,5.168539,122234.6668328098,5.143666545352932,6.375921586833821,6.399421,0.02349962822355245
2448,299.8337332707379,298.46774,1.3659903508160482,0.4555826110408376,0.7015793101699866,18.638292477059053,0.9991818680380488,1-2,1790137.1,1877220.2,1785673.0546660635,1872195.843599571,87083.125,4.8646064,86522.7889335074,4.845388057316456,6.251801945284666,6.273515,0.02171327917212107
2449,313.89674455792635,312.54965,1.347092458316979,0.4291514587748096,0.8883694634209987,27.16083965730813,0.9987213896041072,1-2,1111990.5,1162712.0,1110813.7750958363,1161365.3380314885,50721.5,4.5613246,50551.56293565221,4.550858484923888,6.045641256756124,6.0654726,0.019831346088114543
2450,306.3989949777488,305.00766,1.3913350656394528,0.4540925683325083,0.7488324142817271,18.97558355835181,0.9991120828987886,1-2,1429186.5,1498403.1,1426735.2862694918,1495608.1936467183,69216.625,4.8430786,68872.90737722651,4.827308053571005,6.154343402423086,6.175629,0.02128573652344734
2451,295.3799400074503,296.75574,1.3757972972372272,0.4657720822891785,1.5001688664130648,12.013094161433996,0.9960498757775254,1-2,2091730.0,1993001.5,2085195.2394983761,1987175.8691002703,98728.5,4.7199445,98019.37039810582,4.700728667579627,6.319146724761625,6.2995076,0.019639106811185414
2452,297.92091689667205,296.56628,1.354632716984554,0.4546954041009418,0.8692396295552084,10.855978869581094,0.9987152123803028,1-2,1913377.9,2006284.4,1908106.6734648864,2000370.6477033354,92906.5,4.8556275,92263.97423844901,4.835367724536543,6.280602650453065,6.3023925,0.021789832304503598
2453,300.85454917222927,302.25854,1.4039957496457305,0.4666692770671682,0.8598288410698405,19.7110443404207,0.998836110318744,1-2,1727959.5,1646290.5,1723884.2583643652,1642697.6453764162,81669.0,4.726326,81186.61298794905,4.7095164651587185,6.236508103924266,6.2165065,0.020001622753611947
2454,300.7394495647308,302.0767,1.337241109097306,0.4446510462903137,0.7155080792336154,12.411480215631997,0.9991762983577246,1-2,1734848.8,1656624.1,1730726.784909735,1652972.0933355072,78224.625,4.509017,77754.69157422776,4.492603468795511,6.238228514916889,6.219224,0.019004538781635105
2455,292.18829400141294,293.53055,1.3422540942901833,0.4593798320625714,0.7868268516659677,11.300392271866087,0.9989863092317858,1-2,2342090.2,2233005.5,2333593.8744927486,2225392.426691201,109084.75,4.657581,108201.44780154759,4.636687170987164,6.368025276125037,6.34889,0.019135448396765398
2456,299.9175198942259,301.3321,1.4145723909303456,0.471653803828877,0.7091416678854183,20.03117945112666,0.9991601725156832,1-2,1784942.0,1699689.4,1780514.5144044452,1695782.2931650532,85252.625,4.7762127,84732.22123939195,4.758861584890454,6.2505455183079786,6.2303696,0.020175950436884804
2457,286.2502994694332,287.62634,1.3760433040043267,0.4807133150794365,0.8583977678752608,18.10646351059063,0.9987093803585122,1-2,2899936.8,2758799.2,2886452.9663329674,2746646.57764481,141137.5,4.866916,139806.3886881573,4.843536004876301,6.460364485226829,6.44072,0.01964440389748301
2458,299.5837616912268,300.9419,1.3581328400231882,0.453339938171609,0.7003187574921718,12.337072075092124,0.9991571411374284,1-2,1805736.0,1722751.9,1801169.9917329913,1718704.401820674,82984.125,4.5955844,82465.58991231723,4.578445693122678,6.255554702818246,6.2362227,0.019331958830209217
2459,312.32115856044186,313.7376,1.4164513028393912,0.4535239653208679,0.8789127874587959,14.517494140612172,0.9988638894568062,1-2,1171566.9,1117851.6,1170190.278809629,1116654.4363837843,53715.25,4.584907,53535.84242584463,4.574968993957439,6.068256485949651,6.0483847,0.019871819506779964
2460,304.97418256016783,303.53033,1.443848087511583,0.4734328904141676,0.6895647976269718,17.606694827570976,0.9992430901797228,1-2,1500113.4,1575968.2,1497313.4962125425,1572766.0293229076,75854.875,5.0566096,75452.53311036504,5.039194083351441,6.175312739168178,6.1975474,0.022234696592319914
2461,295.54749744720834,294.1297,1.4177977401770931,0.4797190815091726,0.8802780087257562,10.370120614024756,0.9987102624844668,1-2,2079424.2,2186124.8,2072981.00987066,2178873.1937809875,106700.5,5.1312523,105892.1839103275,5.108208102539948,6.316595323634546,6.339675,0.02307962601144986
2462,296.0946866236924,294.62463,1.4700528346298825,0.4964806533317421,0.7533597283679981,9.922369039458856,0.9990773460333254,1-2,2039783.8,2148209.0,2033631.1531642657,2141249.95592249,108425.25,5.3155265,107618.80275822431,5.291952898674515,6.308272186211361,6.3320765,0.023804363318668642
2463,305.09459177373685,306.54156,1.4469731676693982,0.4742703432588203,1.8544195033257065,13.633403459507434,0.9955492200141836,1-2,1493972.6,1422295.6,1491202.8286850057,1419878.5488694068,71677.0,4.797745,71324.27981559886,4.783003253722036,6.173536718830403,6.1529903,0.020546377643879232
2464,297.555748165294,298.97968,1.4239271276747445,0.4785412940111459,0.6984858570659462,13.067305657303422,0.9992212022531434,1-2,1937945.6,1844050.5,1932506.7110108882,1839240.8715150175,93895.125,4.8450856,93265.83949587075,4.8261586345065615,6.2861210107662675,6.265773,0.020348191247224534
2465,311.6280471331999,313.0787,1.4506577007844612,0.4655093513339648,0.782427510908507,9.357771897934969,0.999084043650892,1-2,1198885.6,1142492.1,1197411.1710165981,1141217.898759011,56393.5,4.7038264,56193.272257587174,4.69289694448727,6.078243305495181,6.0578537,0.02038960676471202
2466,298.1701598177668,296.73578,1.4343810091730234,0.4810612202272946,0.7426415980482367,23.32810864506031,0.9990571538534364,1-2,1896803.2,1994393.6,1891643.3982773249,1988561.4274350025,97590.375,5.144992,96918.02915767767,5.1234830648281084,6.276839269086338,6.299811,0.022971617296718705
2467,307.52349370860054,308.96924,1.4457445726494598,0.4701249180068828,0.7595321076517726,10.292376965604944,0.9990663034309852,1-2,1375817.4,1310403.1,1373615.1113440667,1308490.3168979748,65414.25,4.7545733,65124.794446091866,4.7411239078731455,6.137865059917306,6.1174054,0.020459645336007526
2468,310.22428179712216,311.6765,1.4522318747528402,0.4681232127737049,0.7697345741584958,24.383726628299712,0.9990504651569498,1-2,1256398.1,1196953.5,1254705.784514614,1195485.6002026885,59444.625,4.731353,59220.18431192543,4.7198462813204385,6.098541900206129,6.078078,0.020464107084791294
2469,307.71373422305845,306.26743,1.4463086859490772,0.4700175926826403,0.7268679895822904,10.268921234071712,0.9991784166741136,1-2,1367008.8,1435577.9,1364847.013984787,1433094.6437545447,68569.125,5.0159974,68247.62976975762,5.00038678844326,6.135083973936651,6.1570272,0.021943270631219924
2470,313.8092022947964,312.38757,1.4216290526088642,0.4530233792421956,0.952882415256158,24.91919933286057,0.9986064163361558,1-2,1115208.6,1168984.1,1114025.428261472,1167618.1141061774,53775.5,4.8220124,53592.68584470544,4.810723748769472,6.046895103968415,6.067809,0.020914000951018252
2471,299.10109237822184,300.5644,1.4632997116219144,0.4892324865773243,0.7151455835051366,21.545270970837407,0.9991847433566184,1-2,1836278.0,1745385.6,1831517.2719773052,1741200.1848348388,90892.375,4.9498158,90317.08714246633,4.931271384897181,6.262811018599289,6.2418914,0.02091963447453349
2472,291.665921588729,293.12292,1.4570032159584798,0.4995452358719386,0.9800119692908968,23.45175646983361,0.9983461301291456,1-2,2386111.8,2265534.8,2377256.7256052066,2257658.1723220674,120577.0,5.053284,119598.55328313913,5.030948151074912,6.376076084754351,6.3551707,0.020905357978228345
2473,300.49914119707,301.97525,1.4761090470706222,0.4912190567967636,0.7336264308753181,21.068241874679444,0.9991191203394169,1-2,1749333.9,1662420.1,1745122.3807362346,1658734.5949225216,86913.75,4.9683914,86387.78581371298,4.950242273396756,6.241825888266423,6.220741,0.021085093130924548
2474,302.5126114831392,303.93478,1.4221724524076649,0.4701200539822555,0.9224584862817092,24.696177807309112,0.99860781963389,1-2,1631970.4,1554302.2,1628458.3689517842,1551215.2681473037,77668.125,4.759163,77243.10080448049,4.743326711766097,6.211776660435052,6.191536,0.020240710728020694
2475,302.5422155694729,303.9966,1.4543969793552378,0.4807253019607982,1.5188934041858422,15.980579661632548,0.996548581296908,1-2,1630308.5,1551018.9,1626809.9098048208,1547953.8769901649,79289.625,4.863474,78856.03281465592,4.847280087205567,6.2113368092700725,6.1906176,0.020719247929740447
2476,279.5549821810687,280.94955,1.3945722622906942,0.4988543761267775,1.0782077589997183,10.980518336247712,0.9979919188457188,1-2,3709191.0,3522203.5,3687234.6295345994,3502308.7771256757,186987.5,5.0411935,184925.85240892367,5.015299295783217,6.566700773914784,6.546815,0.01988585539671739
2477,293.5256188576656,294.97913,1.4535071188969368,0.4951891846966045,0.658873679386561,12.74708560152098,0.9992783259313052,1-2,2233398.0,2121495.0,2225776.1197685115,2114732.501023923,111903.0,5.010437,111043.61874458846,4.988984191102625,6.347481478579584,6.326642,0.020839442141595832
2478,304.8121839495436,306.30914,1.4969591168626266,0.4911086878044292,0.7134837771703055,10.16989643047262,0.9992229409584028,1-2,1508421.0,1433547.6,1505577.1082294325,1431076.702384986,74873.375,4.963692,74500.4058444465,4.948295602877452,6.1777030028384825,6.1564126,0.02129040136753524
2479,288.91877022129097,290.37875,1.4599834408184051,0.5053266147090973,0.6743285695528614,19.646563377721066,0.9992113485296382,1-2,2633053.8,2498508.0,2622060.014356634,2488691.1428544633,134545.75,5.1098747,133368.8715021708,5.086415672102572,6.418642627707094,6.3976808,0.020961868277161955
2480,302.0010576189542,300.5731,1.427968019344803,0.4728354366051667,0.7394874428761858,26.818962257634936,0.9990667999515036,1-2,1660942.4,1744862.5,1657263.7714594982,1740681.488637734,83920.125,5.052561,83417.71717823576,5.033460491613384,6.219391636586245,6.241761,0.022369570994321464
2481,296.0367053987335,297.49713,1.4604259489227616,0.4933259701548515,0.6993900150115102,9.260333103776617,0.9991707088393904,1-2,2043944.8,1941924.5,2037759.4064590319,1936457.3286217144,102020.25,4.991341,101302.07783731748,4.971248201147936,6.309152906551989,6.2882323,0.020920580044420767
2482,298.82577857249623,297.40656,1.4192233967149832,0.4749333887774593,0.8774410808569505,10.38536762380562,0.9988284334849874,1-2,1853953.5,1948085.5,1849074.7829779373,1942575.1015766088,94132.0,5.077366,93500.31859867158,5.0566001688741435,6.266954475884912,6.289608,0.022653525824072318
2483,304.6505061602232,306.18533,1.5348270917299942,0.5037992915471445,0.8059531795757533,23.38412395410991,0.9989199752695226,1-2,1516761.4,1439583.9,1513876.2473831105,1437080.7885021588,77177.5,5.0883083,76795.45888095163,5.0727699185254025,6.1800903749822265,6.1582375,0.02185291770683584
2484,304.7930841303533,306.27087,1.4777898930841502,0.4848502049515441,0.951879869774865,22.569463654941103,0.9985366556594412,1-2,1509403.5,1435410.9,1506557.6572047814,1432931.2189253198,73992.625,4.90211,73626.43827946158,4.88706409126523,6.177985757135641,6.1569767,0.021009057306539347
2485,311.577247274727,313.08945,1.512199746757403,0.4853370263663866,1.0927939225197645,10.37522280122127,0.9982809483115388,1-2,1200917.1,1142085.8,1199432.6650998357,1140809.336685949,58831.375,4.8988705,58623.32841388672,4.8875881172543485,6.078975872148447,6.057699,0.021276668657235653
2486,307.4907410836394,306.01797,1.4727662301237956,0.4789627892318207,0.7301750625470473,12.84339256151226,0.999118375707612,1-2,1377340.9,1447783.6,1375132.1200849144,1445244.9245360424,70442.75,5.114402,70112.804451128,5.098623137884275,6.138344426360685,6.160704,0.022359709534090833
2487,301.08826963608686,302.55383,1.4655633717256364,0.4867553868827249,2.564398659224273,26.3113903677088,0.989492914669801,1-2,1714057.9,1629658.9,1710064.2021538313,1626163.315915279,84399.0,4.923929,83900.88623855216,4.9063003677217925,6.233012415724153,6.2120967,0.020915724592561524
2488,306.436033845709,307.90762,1.4715894453066198,0.4802272849046098,0.7749604624505054,14.678813226352958,0.999053994719622,1-2,1427392.5,1358092.4,1424951.824002734,1355972.3352151434,69300.125,4.8550153,68979.48878759053,4.840829537227792,6.153800181591229,6.13293,0.02087037965031069
2489,318.3095710676148,316.867,1.4425666730835474,0.4531961348963396,1.0129377535582964,16.927426380798522,0.998478087965068,1-2,962235.0,1008578.7,961475.4556074574,1007703.3659960096,46343.688,4.8162546,46227.91038855212,4.808017731388209,5.9829382021155295,6.0037103,0.020772067812449002
2490,300.69202835950136,302.26923,1.5771977147173857,0.5245226231377573,0.7766391157304599,13.954338041554363,0.9990491122374896,1-2,1737696.9,1645686.9,1733561.8504254178,1642093.68405102,92010.0,5.2949395,91468.1663743977,5.276313986256176,6.2389393411290035,6.216347,0.02259212356918905
2491,293.3620422356519,294.84134,1.479296875676198,0.5042564008631724,0.648064464485054,9.051448878108914,0.999306269274376,1-2,2246392.8,2131832.0,2238665.3649951997,2124992.738128299,114560.75,5.099765,113672.62686690083,5.077696231171404,6.349989180225995,6.328753,0.021236185688641385
2492,302.1146213713323,303.6209,1.506289273198945,0.4985820502039021,0.757195643258822,9.852316114647152,0.9991272833152368,1-2,1654464.6,1571085.9,1650819.148846154,1567913.022437666,83378.75,5.0396214,82906.12640848802,5.022120470703017,6.217699497878014,6.1962004,0.021499127089439796
2493,302.8749054202063,304.35184,1.4769317379968356,0.4876375399763648,0.6940063617650452,11.317918804065158,0.999211186279836,1-2,1611785.9,1532304.9,1608385.5366665614,1529337.6573132502,79481.0,4.931238,79047.87935331115,4.914734530449758,6.20639015907515,6.1853456,0.021044509355911956
2494,304.07018582338503,302.54654,1.5236465167444069,0.5010838246500746,0.6895296255290473,11.349625255015496,0.999233720059497,1-2,1547124.0,1630066.9,1544074.3136529147,1626568.3252746623,82942.875,5.3611007,82494.01162174763,5.342619256879308,6.188668198352523,6.2122054,0.023537211651139422
2495,312.8891777676914,314.47104,1.5818610506679534,0.5055659201618109,0.9307282876261777,10.64396924057158,0.9987424954994184,1-2,1149691.2,1091113.5,1148387.2749628304,1090001.978365423,58577.75,5.095085,58385.29659740743,5.084112117081512,6.06008837152558,6.0378704,0.022217964421088254
2496,293.6637011537217,295.2044,1.5407055845595323,0.5246496514572742,0.9987554494225904,10.67833938122547,0.9983661849171572,1-2,2222492.8,2104709.2,2214961.659330243,2098077.3792977063,117783.5,5.2996125,116884.28003253648,5.277034008249145,6.34536621304874,6.323192,0.02217409345035115
2497,297.4606926877018,298.97406,1.513367370891956,0.5087621349960383,0.6089682045338222,8.679018044712535,0.9993752352135298,1-2,1944401.5,1844411.0,1938915.8064874443,1839596.1428828975,99990.5,5.142482,99319.6636045468,5.122433025314034,6.287558951125235,6.2658577,0.021701254592032093
2498,305.4025459773096,306.93,1.5274466984716923,0.5001420972388282,0.7592174076156833,9.370082420930856,0.99907824495509,1-2,1478389.4,1403703.8,1475698.7861907203,1401376.0160302138,74685.625,5.0518236,74322.77016050648,5.036445842200547,6.168997720058089,6.147276,0.021721795375471586
2499,316.8913152925238,315.3358,1.5555303804144387,0.4908718874098906,0.9534427289972568,14.273901276907909,0.9986488422126866,1-2,1007777.25,1060492.1,1006904.0054182794,1059473.50972349,52714.875,5.2308064,52569.50430521066,5.220905272233244,6.0029880684638925,6.025508,0.022519858477025423
2500,301.05481771337827,302.57816,1.5233378041998549,0.5060001416918567,0.703990929875211,9.756468248103772,0.9991893953105212,1-2,1716042.6,1628296.0,1712039.5109592443,1624806.1792899773,87746.625,5.1133127,87233.33166926703,5.095287293947485,6.2335137832345735,6.2117333,0.021780442017532486
2501,298.1796079907765,296.65308,1.5265318189015034,0.5119504412752206,0.7057712580367232,21.09795973592425,0.999118094120536,1-2,1896178.6,2000187.4,1891025.2260972136,1994309.7181673017,104008.75,5.4851766,103284.49207008816,5.461825185867643,6.276697322330892,6.3010707,0.024373367824137127
2502,301.1073694104725,299.5541,1.5532617444568473,0.5158497938784838,0.6887505431188757,22.77067509805201,0.9991816826920724,1-2,1712930.9,1807596.8,1708941.5446313303,1803017.4028459676,94665.875,5.5265436,94075.85821463726,5.504919610046242,6.232727207672035,6.2571015,0.024374328125084332
2503,297.5413303826287,299.10132,1.5599879767462994,0.5242928687386739,0.7093822826612666,9.12689992394155,0.999180185371443,1-2,1938924.8,1836263.9,1933480.1545588796,1831503.06112259,102660.875,5.2947326,101977.09343628958,5.274276707513219,6.286339718788292,6.263935,0.022404629676963772
2504,288.49267870312303,290.02808,1.5353974687519667,0.5322136685250118,0.7437844573701459,19.57066335328446,0.99907463476332,1-2,2673802.0,2530119.2,2662433.052602523,2520040.288356199,143682.75,5.3737245,142392.76424632408,5.3482195207551015,6.425278696164787,6.403141,0.022137674436271126
2505,297.7799672018251,299.3118,1.5318308938780092,0.5144170402973368,0.708769238471802,12.07366933520116,0.999158395655432,1-2,1922816.9,1822875.4,1917485.8375769197,1818201.701109161,99941.5,5.197661,99284.1364677588,5.1778289321407325,6.282732164962657,6.260757,0.021975195510752776
2506,311.7017690279382,310.19843,1.5033437349694625,0.4823019579445234,0.8828193403979753,13.759399642775293,0.998827338879398,1-2,1195946.0,1257485.6,1194480.1822315878,1255785.8094729693,61539.625,5.1456857,61305.627241381444,5.132410579374134,6.077178948712215,6.0995035,0.022324568438663484
2507,303.75894202515434,305.35437,1.5954280920331598,0.5252283542326277,0.8185848123884603,23.84721271386651,0.9988298713564232,1-2,1563679.0,1480816.5,1560544.6942678338,1478114.6314923046,82862.5,5.2992015,82430.06277552922,5.282134057314085,6.193276211447959,6.1705017,0.0227745024635837
2508,299.48550312881184,301.04846,1.5629587852506577,0.5218812827071675,0.9030911574142496,13.165325278642657,0.9987481450597288,1-2,1811904.6,1716415.8,1807309.0809699586,1712408.9931818396,95488.875,5.270083,94900.08778811898,5.2509052705687385,6.257032430746352,6.2346225,0.022409952261244648
2509,295.017265582779,296.59683,1.5795666926116496,0.5354150000310537,0.7369138094275718,11.916218046110773,0.9991072389841806,1-2,2118643.8,2004135.5,2111904.540935598,1998231.9140686975,114508.25,5.40479,113672.62686690036,5.38246993003491,6.324674283993475,6.301927,0.022747194302312757
2510,298.64160306859657,300.22318,1.5815719802315584,0.5295886319858385,0.7708934232546254,10.302777549154428,0.9990408906683728,1-2,1865881.4,1766131.8,1860926.6358104157,1761820.135026597,99749.625,5.3459787,99106.50078381877,5.325653299634719,6.269729252071795,6.247023,0.022706146450457432
2511,297.0781968578716,298.63855,1.5603529468158968,0.5252330744293571,1.0057510577935498,20.480924573811137,0.998187568596638,1-2,1970607.0,1866082.2,1964935.8814709792,1861125.5877764286,104524.75,5.3041906,103810.29369455064,5.283138990613615,6.293348383323319,6.270931,0.022417616263992635
2512,303.14899427647435,304.7188,1.5698167586818954,0.5178367035089715,0.6609297755621693,9.049769613732565,0.9993064106434986,1-2,1596701.5,1513231.6,1593385.9795146657,1510366.1662684556,83469.875,5.2276444,83019.8132462101,5.210276374560379,6.202320991412325,6.179906,0.022415099993867926
2513,301.8341766415581,303.4274,1.5932220400825372,0.5278467991298949,0.6930548997602326,8.63597891393978,0.9992319460765424,1-2,1670518.5,1581532.4,1666785.0441186836,1578301.1572344787,88986.125,5.3268566,88483.88688420481,5.308656157938523,6.221879594925468,6.199078,0.022801511887138304
2514,301.4831042202826,303.07187,1.5887646762017766,0.5269829897468897,0.7119076428691241,11.871032161722994,0.9992025987302464,1-2,1690857.4,1600928.5,1686999.9849510584,1597592.3925103655,89928.875,5.3185368,89407.59244069294,5.2997980579879345,6.227115078714986,6.204372,0.02274314954628487
2515,302.39784790878593,304.024,1.626138907620316,0.5377481747524929,0.6788763872817731,9.211560615749365,0.9992698615057996,1-2,1638421.2,1549567.0,1634874.5698556975,1546511.4752365719,88854.25,5.423163,88363.0946191256,5.404885258379484,6.213484438519771,6.190211,0.02327361927538618
2516,305.80812775240986,304.19916,1.6089700375661096,0.5261371074050631,2.703130132770702,17.17381331772947,0.9899220345389887,1-2,1458140.2,1540317.1,1455547.7942045638,1537309.9468084786,82176.875,5.635732,81762.15260391473,5.617277078049957,6.1630264704539925,6.1876106,0.02458415576671058
2517,299.91728049522993,301.487,1.5697190164888184,0.5233839857099478,0.7507071187254102,9.895685311182833,0.9990815393124708,1-2,1784957.8,1690630.9,1780528.7252591604,1686779.7167029728,94326.875,5.2845435,93749.00855618762,5.265234265880333,6.250548984537041,6.228049,0.0225001831149223
2518,309.8404515015335,311.43585,1.5954005492477563,0.5149103487024387,0.888923001246986,9.63239600147125,0.9988500246071016,1-2,1272650.5,1206585.8,1270891.948035229,1205081.4798491285,66064.75,5.191115,65810.46818610048,5.178289805663025,6.104108628156797,6.0815587,0.022549923780576187
2519,295.0754558085742,296.62256,1.5471027851758097,0.5243075134583438,0.6972702154668692,22.56014662437749,0.9991418514349376,1-2,2114298.2,2002327.6,2107598.6519568916,1996441.346374582,111970.625,5.2958765,111157.30558230961,5.274121117846644,6.323787912121348,6.301535,0.02225278257422847
2520,296.15752596743715,297.83514,1.6776180755315977,0.5664614026104654,0.7874617486951613,13.917130782360118,0.9990009267650176,1-2,2035285.0,1919119.6,2029161.8393563346,1913805.2262056824,116165.375,5.707573,115356.61315065227,5.6849390183310495,6.307316686331743,6.283102,0.024214650809281757
2521,297.4205329742555,299.01837,1.5978386077757705,0.5372321109767086,0.9454920767896458,14.74041547253509,0.9985902419748396,1-2,1947133.9,1841567.9,1941630.079738048,1836775.28822193,105566.0,5.42161,104854.79151611798,5.40034853241789,6.2881664914671935,6.2651877,0.022978751141265796
2522,297.3270477932939,298.9363,1.6092620211592248,0.5412430631867731,0.7522781604543439,10.38553982498354,0.9990354510576605,1-2,1953510.9,1846836.6,1947968.120941028,1842004.8827571243,106674.25,5.460643,105963.23818390374,5.439680303018246,6.289581845246556,6.2664285,0.023153374634984125
2523,297.7816460714587,296.11526,1.666381178880556,0.559598350289418,0.6925300591609174,13.465236757976584,0.999214683796454,1-2,1922707.1,2038310.6,1917372.150739198,2032167.4351285999,115603.5,6.012538,114795.28438940179,5.987115456180228,6.282706415082765,6.3092704,0.026563966844725506
2524,302.77793509523826,304.39172,1.6137885375742371,0.5329941024489195,0.8730106489529534,15.735717370861764,0.9988229306154168,1-2,1617162.2,1530220.0,1613728.8180394773,1527262.8725248307,86942.25,5.376223,86465.94551464659,5.358145962820089,6.2078305547205215,6.1847544,0.02307618307745507
2525,299.57330661860345,301.166,1.5926784888184216,0.5316489999711865,0.6913963082416045,25.386163937779784,0.9991302060744668,1-2,1806390.5,1709466.4,1801823.6910498906,1705502.5177902514,96924.125,5.3656244,96321.17325963918,5.345760172767767,6.2557122928859865,6.2328606,0.02285172770043964
2526,308.477794195342,306.87134,1.6064563047170282,0.5207688640627882,1.1074427363958208,20.218579481106048,0.9981472329121236,1-2,1332246.8,1406496.1,1330236.4773259126,1404154.2381270358,74249.375,5.573245,73917.76080112322,5.556738374045739,6.123928852747982,6.148139,0.024210147190983022
2527,309.3746289841067,310.97385,1.599217451440154,0.5169193920947892,0.7539881361106294,14.350760406278397,0.999110565006834,1-2,1292684.8,1225317.8,1290843.9880553726,1223743.8848038674,67367.0,5.211402,67100.10325150518,5.198157474675927,6.1108737564252475,6.088249,0.0226245498822788
2528,297.6818056101529,296.04858,1.6332216257778782,0.5486467748441306,0.720269354689056,7.975213573243636,0.9991741799399956,1-2,1929425.6,2043092.1,1924044.1470279854,2036913.8606034773,113666.5,5.891209,112869.71357549191,5.866274625238638,6.2842150326657675,6.310288,0.026072919757328172
2529,303.57705205719714,301.91406,1.662989557197136,0.5477981770782236,0.6480514429793571,12.994661328595852,0.9992721387336392,1-2,1573449.1,1665928.4,1570257.8134656744,1662216.254327746,92479.25,5.8774858,91958.4408620717,5.856263861480979,6.195970963092882,6.2216563,0.02568535938636618
2530,307.5600864516178,305.95688,1.6032077895084171,0.5212665297389352,0.7252443019769679,13.241823331363392,0.9991440707593566,1-2,1374116.0,1450792.8,1371924.0196329576,1448236.3094535924,76676.75,5.5800786,76312.28982063476,5.562428292570548,6.137330059790651,6.161606,0.02427577517028645
2531,297.1044436599057,298.71725,1.6128109787661629,0.5428431022096529,0.766001392182806,23.701082389594305,0.998936988647634,1-2,1968794.6,1860971.1,1963145.3137768637,1856052.3126431014,107823.5,5.476625,107093.0011337623,5.455174427598933,6.292952447656902,6.2697396,0.02321281981876755
2532,299.75347406295384,301.43127,1.677800351108658,0.5597267409005203,0.6666451779581757,9.276183130817143,0.9992684610793732,1-2,1795128.6,1693884.2,1790632.642961669,1690012.6861506812,101244.375,5.6399508,100619.95681098779,5.619240619034202,6.253006497351635,6.2288837,0.024122754065501795
2533,307.0337077575283,308.63657,1.6028584045810703,0.5220463955856225,0.7117509823977508,11.20415370094156,0.9991717149531856,1-2,1398786.8,1325146.5,1396480.3765808267,1323166.5771050996,73640.25,5.2645802,73313.79947572714,5.249898294684975,6.14503483734992,6.1222644,0.022770452126531282
2534,310.9136464139961,312.61395,1.700306222722645,0.5468741055060052,0.8920618051890155,11.999434788158364,0.9987795111854316,1-2,1227782.1,1160232.9,1226198.8099559187,1158896.2020247222,67549.25,5.501729,67302.60793119646,5.488719071062869,6.088560890302202,6.0645456,0.024015258893510527
2535,299.7387893630946,301.34744,1.608653263858514,0.5366850474296937,0.6630774820068728,8.276314720497567,0.9992479987725844,1-2,1796043.4,1698790.1,1791542.137663442,1694887.0093179955,97253.25,5.4148607,96655.12834544643,5.395079820534146,6.25322702737207,6.2301397,0.02308729501122997
2536,289.399428065053,291.03275,1.633317296275152,0.5643816600453007,0.9025511803934316,11.86278252574968,0.9986224014318772,1-2,2587898.0,2440690.2,2577310.032858463,2431378.7657880536,147207.75,5.6883135,145931.26707040938,5.662154153358057,6.411166664364193,6.3875127,0.023653980495784488
2537,300.8538625616884,299.21384,1.640025891766527,0.5451237613511606,0.7571665863605769,8.254277288831062,0.9990432869388016,1-2,1728001.2,1829092.4,1723919.7855011532,1824376.3174829162,101091.125,5.8501763,100456.53198176296,5.827216140022413,6.236517054107785,6.2622356,0.02571858737170718
2538,281.36052568940414,283.0418,1.6812833926271082,0.5975548234804937,0.9534191894573468,18.1892032899606,0.9984478265771112,1-2,3469081.8,3260689.8,3449757.0363888587,3243571.7453259937,208392.0,6.0071225,206185.29106286494,5.976806160201238,6.537788509139564,6.51331,0.02447855354264039
2539,309.2356967428512,310.90375,1.6680508157425606,0.5394108226546851,1.0650782540973494,19.21049879034516,0.9983076627932126,1-2,1298728.0,1228189.4,1296862.2850272607,1226603.819315302,70538.625,5.4313626,70258.4657119587,5.417573363272095,6.112893860410833,6.089266,0.023628037046575123
2540,301.9415452200626,303.6181,1.6765578072811422,0.5552590671347412,0.7444425802289755,21.083304979329142,0.9990880979479988,1-2,1664350.6,1571237.6,1660653.060309074,1568062.2364121757,93113.0,5.594554,92590.82389689819,5.575566992883243,6.220278910156721,6.1962423,0.02403657769822498
2541,296.2650169117079,297.86563,1.600614191807722,0.5402643243176878,0.8306457966236727,27.52540319258641,0.9988863223678623,1-2,2027614.5,1917074.6,2021544.8212289864,1911780.179408766,110539.875,5.4517207,109764.64182022028,5.429740694717296,6.305683374854271,6.282639,0.023044348212425625
2542,308.8220388800226,307.12,1.7020437628351033,0.5511406404179422,0.7313259276427571,10.603918814394746,0.9991411575058672,1-2,1316903.8,1394707.4,1314963.361220749,1392423.1775596365,77803.625,5.9080725,77459.81633888744,5.890644456205795,6.118913652262029,6.1444836,0.025569914022150364
2543,303.82882752334075,305.50772,1.678893423924876,0.552578712695029,0.7484201806925509,10.203388676169697,0.9990793074723958,1-2,1559947.6,1473110.4,1556828.5557598085,1470447.8753734531,86837.25,5.5666776,86380.68038635538,5.5485030812655785,6.192240788941218,6.168236,0.02400501013262435
2544,299.64659586329816,301.3311,1.6844893417799651,0.5621586779342044,0.7127534060124265,8.925877050790263,0.999143625966368,1-2,1801798.9,1699747.2,1797262.0066863107,1695839.136583914,102051.625,5.663874,101422.8701023967,5.643187789263648,6.254611393616272,6.2303843,0.024227043793273673
2545,290.6861900094537,292.3853,1.6991249319525537,0.5845220689353335,0.746422913469804,11.501421540938368,0.9990903385735144,1-2,2471144.0,2325721.0,2461562.6212031427,2317365.0784079884,145423.0,5.8848453,144197.54279515427,5.857967680898345,6.39121088853333,6.3665576,0.024653290419315965
2546,282.63436935574515,284.3018,1.6674189743329748,0.5899561961037493,0.8533114284028231,19.21441223996709,0.9987592992899844,1-2,3309908.0,3113476.8,3292286.5552897053,3097882.062785743,196431.25,5.9346437,194404.49250396248,5.904847261597368,6.517497628473703,6.4932456,0.02425202681965022
2547,288.72786238608296,290.4677,1.7398500162607888,0.6025916591084948,0.9830434742904604,12.913175989637324,0.9983088273392864,1-2,2651222.5,2490557.0,2640065.167280795,2480811.223914884,160665.5,6.0600533,159253.94336591102,6.032197437381397,6.42161464711269,6.3962965,0.02531814595302162
2548,303.5971245783004,301.9064,1.69072199040977,0.5568965756043311,0.7334144845943389,12.734710050221992,0.999081303266978,1-2,1572366.2,1666367.4,1569184.8939346767,1662656.7908239174,94001.125,5.9783225,93471.89688924071,5.956716589009672,6.195674118656841,6.221771,0.026096644740375652
2549,306.789550367912,308.56116,1.7716068586505005,0.5774664934075923,0.7724738982267478,25.205833071149712,0.999009293055218,1-2,1410396.1,1328513.1,1408033.801464286,1326520.3388178872,81883.0,5.8056736,81513.4626463987,5.789169447610469,6.148613080667753,6.1233664,0.02524672477175649
2550,310.34584391756044,308.60107,1.744769698810444,0.5622017284929134,0.7216417759496657,9.146201400536684,0.9991895763167278,1-2,1251297.5,1326731.9,1249625.4039539292,1324743.981978487,75434.375,6.0284925,75118.57802455779,6.011287685643692,6.096779845506388,6.1227837,0.02600381538228369
2551,295.0827984345003,296.79758,1.7147784697965562,0.5811177333595697,0.7756394227395863,24.37315372578368,0.9989580712012818,1-2,2113755.0,1990078.0,2107051.5340503566,1984276.8547383691,123677.0,5.8510566,122774.67931198748,5.826847484645018,6.323675157667902,6.29887,0.024805070997979684
2552,308.8644372240281,307.1582,1.7062340990281086,0.5524216754648671,0.8028286028288664,12.8743430940428,0.9990198279410052,1-2,1315028.2,1392909.2,1313098.186539379,1390632.609865521,77881.0,5.9223824,77534.42332614213,5.904693504335818,6.11829720154869,6.1439233,0.02562608107460118
2553,302.6346410286326,304.35568,1.721041344414289,0.5686861684322051,0.7036358825682508,9.380686631870702,0.99922709898983,1-2,1625138.1,1532103.0,1621665.5803979177,1529138.7053472374,93035.125,5.724752,92526.87505068025,5.705669292677247,6.2099612989737025,6.1852884,0.02467286971344862
2554,299.91915030679985,301.63498,1.7158289412470251,0.5720971600152348,0.8060882328299988,12.088734555577249,0.9989415846025604,1-2,1784842.1,1682025.0,1780407.9329940812,1678224.7821644212,102817.125,5.7605724,102183.15082966001,5.73931113965665,6.250519520708147,6.2258325,0.02468705839735641
2555,296.37350725902763,298.07166,1.6981480144098668,0.572975644859411,0.7222215156100509,9.122850629840316,0.9991509139018804,1-2,2019904.1,1903333.1,2013892.27596485,1898130.6534548146,116571.0,5.7711153,115761.62251003552,5.748153657055686,6.304036236224919,6.279515,0.024521446643619882
2556,291.3350428551389,293.06387,1.7288304358767164,0.5934165759579928,0.7940866320503721,19.496751296758788,0.998917499674065,1-2,2414468.5,2270290.8,2405372.901659234,2262376.1760875145,144177.75,5.9714074,142996.72557171946,5.9448880243508135,6.3811824140066795,6.3560815,0.0251009282583885
2557,300.09068313984346,301.83804,1.7473600730471617,0.5822773485549649,1.6803198938547292,15.204489845476845,0.9957110593490708,1-2,1774258.0,1670294.8,1769891.9005048317,1666564.775870598,103963.25,5.8595343,103327.12463423377,5.838047205298891,6.247946741814966,6.222793,0.02515363955056138
2558,308.1904757033739,309.976,1.7855374802198298,0.5793616678597062,0.7573547943297786,10.163191500773536,0.9991313199633092,1-2,1345202.0,1266884.2,1343139.933407316,1265150.7627302874,78317.75,5.8220067,77989.1706770286,5.806481419935407,6.128121261470485,6.1027374,0.025383834712672915
2559,313.4876558353752,311.81857,1.6690828373283466,0.53242378328442,0.9306830896235112,15.464845524021,0.998695230436668,1-2,1127129.5,1191306.8,1125905.7028033808,1189861.6544491472,64177.25,5.6938667,63955.951645766385,5.680400364481957,6.051502018874967,6.076024,0.024522036605990394
2560,298.81276357271315,297.0872,1.725574852010027,0.5774769562646628,0.7449044303484862,20.72313881777157,0.9990968355242398,1-2,1854792.4,1969983.9,1849913.2234061342,1964324.8147182255,115191.5,6.2104797,114411.59131209133,6.184700442404111,6.267151356792327,6.2944627,0.027311324024323014
2561,302.65637321783333,304.4581,1.801726147401041,0.5953042152210917,1.6193314111728916,11.947527120805432,0.9959487527141778,1-2,1623927.0,1526752.9,1620457.6577471255,1523816.7402563943,97174.125,5.983897,96640.91749073123,5.963803930865324,6.209637687483611,6.183769,0.025868461409392474
2562,306.8666974910731,308.6455,1.7788103214268745,0.5796687408475208,0.7771029585415001,13.407510446357762,0.9990908601860132,1-2,1406717.0,1324746.5,1404374.5063751214,1322775.7786004315,81970.5,5.8270783,81598.7277746899,5.810325337313844,6.147482937112667,6.1221333,0.025349682107783877
2563,309.1186084274421,307.31732,1.8012866500983478,0.5827169898512128,0.724395579468302,10.513822939455691,0.999170258335169,1-2,1303844.4,1385435.5,1301956.8764426606,1383193.2274221128,81591.125,6.2577353,81236.35097945225,6.2395577341558734,6.114596599721305,6.141587,0.0269901808267905
2564,298.8963279481624,297.1475,1.7488364930842977,0.5850980187978752,0.7210363472305791,12.093489547339033,0.9991603636926356,1-2,1849405.5,1965826.8,1844562.8366058606,1960196.5614234593,116421.25,6.2950635,115633.7248175987,6.268895942323861,6.265893454426666,6.2935452,0.027651791697601347
2565,304.79768654201814,306.5154,1.7177248349349838,0.563562294196805,0.6568131729115114,11.794816385493036,0.999275929506986,1-2,1509166.5,1423556.4,1506316.072674623,1421136.2095117022,85610.125,5.672676,85179.86316292081,5.654846596151296,6.177916110122196,6.153375,0.024540961349003076
2566,301.7770208286298,303.62006,1.8430353237139343,0.610727522809147,0.8732895612315419,10.518064276804097,0.99875237188829,1-2,1673812.1,1571132.4,1670053.54070318,1567955.6550018117,102679.75,6.134485,102097.88570136833,6.113449851337087,6.2227303945363355,6.1962132,0.02651714914448977
2567,306.19900261276445,307.94418,1.7451807368449297,0.5699498437138862,0.8435911579187649,17.272260084267913,0.9989474796260668,1-2,1438915.5,1356417.4,1436419.983757902,1354302.5597861072,82498.125,5.7333546,82117.42397179478,5.716811580201119,6.157281438486487,6.132394,0.02488760151138969
2568,311.18014748632487,312.95743,1.777280492190755,0.5711419917200404,0.7627193585051293,15.782414830960391,0.9990862214332312,1-2,1216914.0,1147092.5,1215370.1386629348,1145800.8994046636,69821.5,5.737587,69569.23925827118,5.724119512661911,6.08470856163675,6.059599,0.02510963890725737
2569,299.5623550192425,297.75958,1.8027724997112389,0.601802085444093,0.8334932728181279,21.16560166139203,0.9988044830939924,1-2,1807076.8,1924189.6,1802505.8120762203,1918842.9742022215,117112.875,6.4807916,116337.1621260012,6.454190679806906,6.2558766737512785,6.284248,0.02837120146234451
2570,309.43979064389856,311.23596,1.7961712701639383,0.5804590503459076,0.8519269062364239,24.02149517079671,0.9988049258525789,1-2,1289859.1,1214651.4,1288030.2388217626,1213117.7181905753,75207.75,5.8306947,74912.52063118736,5.816052944511169,6.1099260589859625,6.084452,0.02547390673376526
2571,301.5600972607582,299.76486,1.795235200211323,0.5953158977326459,0.700023663247009,11.250318354853276,0.9992197379236224,1-2,1686374.4,1794419.1,1682544.8819978426,1789929.2056532665,108044.75,6.4069257,107384.32365542394,6.3822561171691605,6.225966657885032,6.253924,0.027957235089821175
2572,309.57552191515754,311.41342,1.8378997157018373,0.5936837978441762,0.789690729419755,24.072620665325783,0.9990022418760484,1-2,1284002.2,1207488.2,1282196.6829611722,1205980.316409865,76514.0,5.959024,76216.36655130726,5.944202442895827,6.1079546490306935,6.0818834,0.026071218549736486
2573,296.1619482045279,297.99664,1.8346948618783472,0.6194904082044046,0.6863915924587254,20.741465561525047,0.999211663673548,1-2,2034967.6,1908325.9,2028842.0951252426,1903090.24175042,126641.75,6.223281,125751.85337482253,6.1982080161373885,6.307248247188896,6.2806525,0.026595724148124944
2574,300.66802177891634,302.47742,1.8093952132711597,0.6017917045403726,0.991519557859492,11.861432727984408,0.998496908391267,1-2,1739141.8,1633946.2,1734997.1467516532,1630419.4669024816,105195.5,6.0487022,104577.67984917155,6.027541892213887,6.239298764918805,6.213238,0.026061002467633543
2575,311.315704168918,313.1203,1.8045961240507609,0.5796675528683249,1.0722684551220396,10.138136712852171,0.9983472703910248,1-2,1211427.0,1140917.6,1209906.0650249396,1139647.5993129811,70509.375,5.820357,70258.46571195847,5.806935574829955,6.082751653766922,6.057255,0.02549686250715677
2576,299.8312027431073,301.65207,1.8208663486895489,0.6072971498732408,0.7494946317472204,14.331505621030855,0.999111677319836,1-2,1790294.4,1681035.5,1785829.3740679307,1677237.1277617146,109258.875,6.1028438,108592.24630621611,6.080773890444776,6.251839962144541,6.225577,0.026263084550547156
2577,306.6347490870445,308.5132,1.878465024283571,0.6126067022333239,0.8042740069504162,9.070993388988342,0.9989976771614366,1-2,1417810.0,1330659.1,1415416.3404888334,1328659.0724525251,87150.875,6.146866,86757.26803630823,6.129452201063711,6.150884205076762,6.1240673,0.02681689855820757
2578,284.17178258759174,285.9224,1.7506112112363894,0.6160397754118284,0.876414293739836,26.60736993552861,0.9986023670107648,1-2,3128334.5,2934725.2,3112576.0865612617,2920900.078162617,193609.25,6.1888924,191676.00839864463,6.15811479199553,6.4931199765117675,6.4675674,0.025552532664111283
2579,288.84826815987026,290.6411,1.7928451213797416,0.6206875093284087,0.7193721976799912,20.33190184314689,0.9990798250974534,1-2,2639746.2,2475138.5,2628689.378081276,2465527.449668684,164607.75,6.2357416,163161.92841259204,6.206968756867219,6.419739270261809,6.3935995,0.026139760068938145
2580,285.20018570629605,287.07175,1.871561119875821,0.6562271743410385,0.9827054654113928,18.73370800488962,0.998395833162678,1-2,3012963.5,2814754.2,2998363.447215183,2802083.121888813,198209.25,6.5785484,196280.32532637008,6.546248604673696,6.476884274794162,6.4494405,0.02744379551559728
2581,296.7619328734608,298.5846,1.8226618531016925,0.614183172165439,1.5322375868462252,9.462107815037712,0.9967783297358505,1-2,1992563.9,1869591.1,1986749.5434588143,1864614.3526090106,122972.75,6.1715837,122135.19084980362,6.147488054139599,6.2981431218911,6.2717466,0.026396486454088652
2582,286.8254470426249,284.96234,1.8631057340311368,0.6495608228771497,0.8652274510644979,10.379343233987328,0.9987193975317716,1-2,2840005.0,3039224.8,2827094.2261875686,3024369.311344003,199219.75,7.0147676,197275.08515643422,6.978015919280706,6.451340283633257,6.482763,0.031422529934857835
2583,294.11237124642537,292.2947,1.817662994472244,0.6180165039536177,2.942381530592796,19.61547092716907,0.9885770528947766,1-2,2187467.0,2333232.8,2180201.9086968587,2324811.5662787543,145765.75,6.6636777,144609.6575818956,6.6328562049709925,6.3384967155185405,6.367958,0.029461353329115703
2584,296.8276451745411,298.71304,1.8853980383495357,0.6351827631287108,0.7301357477009187,12.69398777908816,0.99916745229926,1-2,1987981.5,1861244.9,1982194.964522592,1856322.3188826903,126736.625,6.3751407,125872.64563990175,6.350164736202825,6.297146368540837,6.2698035,0.027342844523502663
2585,293.98770867272617,295.78555,1.7978443057894538,0.6115372353171592,0.7270971463428637,10.251901961763508,0.999116666339313,1-2,2197138.5,2062076.8,2189794.23562962,2055757.4539558352,135061.75,6.147166,134036.78167378483,6.120976094141828,6.340403308205886,6.314305,0.026098479562087107
2586,295.1629605971312,296.99423,1.831271580603186,0.620427297821658,0.6850817403271511,10.95445781710211,0.9992320827609228,1-2,2107785.0,1976409.8,2101132.7130614747,1970705.4884853512,131375.25,6.232858,130427.22457612352,6.207471987149414,6.322453484452597,6.295877,0.026576504624715724
2587,312.61077379130467,314.45575,1.844975720414084,0.5901830247366229,1.158732649004042,12.10444354607678,0.9979258360824538,1-2,1160355.1,1091663.5,1159016.9942898015,1090549.0962719582,68691.625,5.9198794,68467.89801784325,5.9074110522251315,6.064089803929234,6.0380893,0.026000528569126935
2588,305.31646436292635,303.44174,1.8747224195669787,0.6140259823454907,0.6652079342476235,9.57583433616567,0.9992917702192592,1-2,1482726.5,1580758.1,1480011.780596784,1577526.6656525002,98031.625,6.611578,97514.88505571615,6.588791138972913,6.170265172305643,6.1988654,0.028600241360128287
2589,304.8835505407721,306.7353,1.8517399865716584,0.6073597553187853,0.7352344096678203,19.48578232551281,0.9991511728670216,1-2,1504755.4,1412989.2,1501932.0239949832,1410616.6243087738,91766.125,6.098408,91315.39968620939,6.079862352446545,6.176650277360606,6.1501393,0.02651094554297906
2590,305.16049777546965,307.0175,1.8569887967959744,0.6085285645858087,0.712340076833901,11.23858319812456,0.9992032996109508,1-2,1490621.9,1399554.8,1487870.3832542908,1397244.2100217687,91067.125,6.109338,90626.1732325221,6.0909992061474645,6.1725650990261896,6.1459904,0.026574727322087988
2591,293.4195936047968,295.30896,1.8893663561407263,0.6439128120003775,0.7395647802817286,27.301807066754197,0.9990917393281026,1-2,2241810.0,2096968.2,2234117.891486335,2090389.3068967825,144841.75,6.460929,143728.5845895526,6.433348264085181,6.3491060865374624,6.321592,0.02751423244200346
2592,307.4966260764792,309.39285,1.8962267067239509,0.6166658577425593,0.7128486151242903,10.176140530351944,0.9992073251154876,1-2,1377065.6,1291894.4,1374858.5611316469,1290055.285618679,85171.25,6.184981,84803.27551296796,6.168145430404589,6.138258022326604,6.1112275,0.027030509966984972
2593,297.51982352365974,295.59845,1.9213738166284884,0.6457969065297239,0.8993392028020982,14.32814524033708,0.9986118072568936,1-2,1940385.6,2075696.9,1934929.6617398302,2069279.08221735,135311.25,6.9734206,134349.42047751974,6.943374900600614,6.2866651822368524,6.317164,0.03049876200753232
2594,301.9012769039525,303.76068,1.859404248391229,0.6158981066458966,0.9396733186569703,28.618131068303768,0.9985374086817678,1-2,1666662.0,1563586.2,1662948.113345579,1560452.323712185,103075.75,6.184562,102495.78963339399,6.163498957714878,6.220878698744928,6.1941223,0.026756384291802604
2595,315.6384658249907,313.78336,1.8551101121000784,0.5877325842562753,0.9238336469779452,9.946276993342252,0.9987392617429052,1-2,1049999.8,1116164.1,1049010.7679394227,1114970.4501000328,66164.375,6.30137,65959.6821606101,6.287798388397389,6.020779946184665,6.0477285,0.02694859232851865
2596,297.07027032648955,298.93036,1.860088560229201,0.6261442985139191,0.7644396833587863,9.606497630718051,0.9989546367115943,1-2,1971154.5,1847215.9,1965482.9993775145,1842388.5758344347,123938.625,6.287616,123094.42354307976,6.26280784835406,6.29346929170306,6.2665176,0.02695165254290366
2597,309.816315756941,311.693,1.8766774071215195,0.6057387270055274,0.8760436575706376,25.058504148438075,0.9987924246293738,1-2,1273679.2,1196295.2,1271915.1295747235,1194828.3481721103,77384.0,6.075627,77086.78140261327,6.06068593809305,6.104458133335135,6.077839,0.02661923563005697
2598,300.3669813348847,302.26575,1.8987657354277871,0.6321486226579672,0.8830516343093995,28.92974900680049,0.9987282000316168,1-2,1757355.8,1645880.2,1753094.670231463,1642292.636017033,111475.5,6.3433657,110802.03421443002,6.3203679810286975,6.243805369401821,6.2163982,0.027407130266078994
2599,295.0256160320777,293.09378,1.931835514499596,0.6548026373037216,0.7698362034732145,9.580282700699245,0.9990030088594783,1-2,2118020.2,2267879.0,2111286.368755487,2259981.6470680027,149858.75,7.075416,148695.27831251593,7.042875874776071,6.3245471437460425,6.35562,0.031072763633107847
2600,299.3080773393524,297.40564,1.902437690914894,0.6356118778438211,2.017484725514316,24.83086042299865,0.9943393400315866,1-2,1823111.5,1948147.5,1818436.1802119617,1942639.0504228272,125036.0,6.8583846,124202.87021086551,6.830202322326655,6.259698063670552,6.289622,0.02992376631602056
2601,301.1562250088488,299.22006,1.9361627529893892,0.6429097565333408,0.8382322663685746,12.42052501925528,0.998803002118974,1-2,1710042.8,1828696.9,1706070.9519788595,1823985.5189782481,118654.125,6.9386644,117914.56699938863,6.9114691193013025,6.2319970886205684,6.2621417,0.030144615938757724
2602,298.10082343491354,300.05264,1.9518193873520888,0.6547514243207863,0.7468815214853641,9.698570944437025,0.9990671212409142,1-2,1901396.9,1776599.1,1896205.0826409047,1772222.4806781248,124797.75,6.563477,123982.60196277988,6.538459531503069,6.277885306336783,6.2495894,0.02829586312999588
2603,301.5185539958483,303.4466,1.928040242432928,0.6394433167981682,0.7863898355057545,9.02584077900545,0.9990142199365952,1-2,1688790.5,1580494.4,1684946.5164447117,1577270.8702676266,108296.125,6.412644,107675.64617708512,6.390448903047914,6.226586120055087,6.198793,0.027793185637362328
2604,292.62911715220537,294.507,1.8778713731852577,0.6417240332951964,0.7459570859107486,10.072947667064312,0.9990760887503048,1-2,2305635.2,2157152.8,2297441.460097275,2150124.6346921334,148482.5,6.4399824,147316.8254051418,6.412212365964019,6.361244454168867,6.333881,0.027363552832197158
2605,321.69992141401474,319.7433,1.9566352812022387,0.6082175191718896,1.874332041125452,19.105535554315736,0.9951778346248032,1-2,862333.25,918501.6,861786.3097803154,917841.0262044297,56168.375,6.5135345,56054.716424114304,6.50447979829288,5.9353995906642885,5.9630804,0.027680815524676383
2606,297.5499850346371,299.50882,1.95883454544105,0.6583211708826089,0.6903473118729233,13.992156140526705,0.9992073184430096,1-2,1938337.2,1810439.0,1932897.5095155563,1805845.3629342928,127898.25,6.598349,127052.14658126351,6.573144512618607,6.2862088264900615,6.257784,0.028424936719553706
2607,306.2665179347486,308.22098,1.954459848454519,0.6381565512397686,0.7896995852854115,25.48304995765132,0.9989906930941816,1-2,1435625.2,1343820.2,1433144.3817460479,1341761.4804999414,91805.0,6.3947744,91382.90124610648,6.376391828349607,6.156289945482433,6.1283417,0.027948270677745413
2608,308.57325778148066,310.51846,1.9452053532849616,0.6303868868191032,0.9580200593706988,21.836149465890315,0.998536327898618,1-2,1327972.1,1244097.2,1325983.8790523885,1242452.475036431,83874.875,6.3160114,83531.40401595738,6.299579152927026,6.122538244067887,6.094855,0.02768341237233063
2609,297.4530793353336,299.36896,1.915878184197652,0.6440942512609821,0.7404402416525345,9.761944446062415,0.9991090753489946,1-2,1944916.0,1819256.4,1939427.3972571916,1814606.3548662148,125659.625,6.460928,124821.0423909768,6.435973966723541,6.28767352636415,6.259894,0.027779632168593693
2610,290.16140260394354,292.07812,1.916722396056457,0.6605711093396842,0.8184572107386545,12.653285434848245,0.9988665308947452,1-2,2518050.2,2351299.0,2508067.6432586415,2342731.4540746235,166751.25,6.622237,165336.18918401795,6.592174243323143,6.399339245355572,6.371308,0.028031395471538545
2611,306.6988946115791,308.66513,1.9662360036552968,0.6410965406789124,0.8836329907571961,13.180130798066344,0.9988142897620644,1-2,1414732.6,1323874.0,1412353.9012977073,1321901.8110354466,90858.625,6.422318,90452.09026226075,6.404350225474722,6.149943533913182,6.121847,0.028096381203220666
2612,300.87067087292263,302.84338,1.972712916139869,0.6556680684150418,0.7852186399729002,20.253621299820253,0.999025441559851,1-2,1726996.0,1613531.8,1722925.025671089,1610119.260941816,113464.25,6.570035,112805.76472927304,6.547340310721562,6.236266379220648,6.2077775,0.028488879068060413
2613,299.0937021350802,301.07092,1.977220716482293,0.6610706619256455,0.6515273356167735,11.34603672365219,0.9992928687161304,1-2,1836749.9,1715087.6,1831986.2301829068,1711087.3836933258,121662.25,6.6237783,120898.84648958105,6.59933161601932,6.2629222050425,6.2342863,0.02863589675392575
2614,293.60475331390126,295.51917,1.914411725161244,0.6520370339898728,0.7370042470974438,10.76744612168369,0.9991135079393018,1-2,2227141.2,2081498.2,2219565.976257968,2075041.5838043643,145643.0,6.5394597,144524.3924536039,6.511380783429644,6.346268058890069,6.318376,0.027891994589531954
2615,297.2963322651772,299.24515,1.9488154399009543,0.6555127757723846,0.6405429730682304,9.82284001715874,0.9993077641215802,1-2,1955614.0,1827103.2,1950057.1165841627,1822401.008677503,128510.75,6.5713763,127656.1079066596,6.546275328092426,6.290047331903057,6.261763,0.028284236047344535
2616,302.50374983926883,304.48422,1.98047257284054,0.6546935612840623,0.8034185515723563,23.946130923853275,0.9989419484232256,1-2,1632466.9,1525394.0,1628948.6434394587,1522459.6036310925,107072.875,6.5589614,106489.03980836621,6.537286502999809,6.211907392336477,6.1833825,0.028524881197561136
2617,302.28211535634864,304.2657,1.9835706788076093,0.6561984907606112,0.6769894482923448,11.830337411765385,0.999269841200381,1-2,1644953.5,1536818.6,1641368.9304605448,1533828.287403254,108134.875,6.5737343,107540.6430572907,6.551887333892467,6.215206208387064,6.186623,0.028583111920999826
2618,285.7780544605818,287.73962,1.9615695628556864,0.6863961498227119,0.8005524205109298,26.364533814263964,0.9989059731754374,1-2,2950184.0,2747518.0,2936205.1686908896,2735476.8458386613,202666.0,6.869605,200728.3228522283,6.83631801321715,6.467786398831622,6.4389405,0.028845873776690567
2619,292.409221578238,294.33154,1.9223213905120249,0.6574079230937258,0.740766896934981,24.044742605723457,0.9990503642707536,1-2,2323740.2,2170571.5,2315403.9804572905,2163440.205560278,153168.75,6.591475,151963.7748970124,6.563164621795272,6.364626775560012,6.336574,0.028052697953810934
2620,286.872736575018,288.80597,1.9332326632632544,0.6738990558476123,0.7932058908512079,18.7207802948478,0.99892826105835,1-2,2835138.5,2643772.2,2822276.746439115,2632675.52282889,191366.25,6.7498026,189601.22361022513,6.718023802925997,6.450599597497153,6.422224,0.028375552697347928
2621,301.0386490833235,302.96985,1.9311995494890084,0.6415121630958681,0.7824322919496666,23.68127550681558,0.9989463179831244,1-2,1717000.0,1606543.9,1712991.6382251629,1603170.1529860822,110456.125,6.4330883,109821.48523908062,6.41109289668612,6.233755243011316,6.2058926,0.0278626801451054
2622,310.5847727922984,312.506,1.92123917059223,0.6185876897052666,1.001957958756623,10.135778613819795,0.9985516010252712,1-2,1241345.1,1164398.2,1239706.2273627182,1163045.7716015612,76946.875,6.198669,76660.45576115698,6.183759835121595,6.0933187827825135,6.066102,0.02721675488944708
2623,296.9231612628244,298.85968,1.936518912956842,0.652195303566337,0.8470496332045802,12.414160486390102,0.9989360450498148,1-2,1981337.5,1851766.5,1975594.0225073807,1846907.627633869,129571.0,6.5395722,128686.39487351174,6.513807665311003,6.295697703460362,6.267586,0.028111472228672163
2624,300.8162541859016,298.83954,1.9767156116828344,0.657117288104134,1.560326723519385,23.895353118661475,0.9962213774703133,1-2,1730247.2,1853064.1,1726157.9951187975,1848193.7099855947,122816.875,7.098227,122035.7148667972,7.069788235601138,6.2370805441416115,6.2678905,0.030809909197011542
2625,300.2513453653704,302.2173,1.965939790879645,0.6547646900590333,0.8832020234533925,15.48546523083337,0.9986854293817335,1-2,1764408.8,1648627.5,1760107.727033415,1645021.1201223517,115781.25,6.562042,115086.60691106343,6.538611537433386,6.2455392495325555,6.2171226,0.028416694753502725
2626,293.8818409711457,295.85696,1.9751231401824043,0.6720807021133124,0.7588273879804888,8.89346262187614,0.9990365415413688,1-2,2205384.8,2056905.4,2197979.6879455764,2050620.2299762897,148479.38,6.732584,147359.4579692867,6.704313910517605,6.342023674687147,6.3132143,0.028809372624158947
2627,294.8052545710364,296.8115,2.0062383488855176,0.6805300508651869,0.7151525760805593,9.81564835330522,0.9991939394006588,2-3,2134551.2,1989108.0,2127692.8005241873,1983310.5166177354,145443.25,6.813762,144382.2839064519,6.785861373920205,6.327908924060954,6.2986584,0.029250553089274156
2628,304.0830690293446,306.10074,2.0176694960460395,0.6635257604070455,0.9232546212561288,24.476372807102763,0.9986699515142174,2-3,1546441.2,1443721.5,1543399.2980539426,1441201.9363695674,102719.75,6.642331,102197.36168437521,6.621576270848048,6.188478298394583,6.159484,0.02899438878764915
2629,290.4571943572346,292.46228,2.0050859162029155,0.6903206238840314,0.9641686559764024,11.006681722385764,0.998397643172504,2-3,2491489.5,2319358.5,2481742.0348987295,2311055.4589144387,172131.0,6.9087586,170686.5759842908,6.877692104338953,6.394756636694363,6.365368,0.02938874729006624
2630,305.23596380227445,307.23053,1.9945659828817952,0.6534505167857068,0.8291222246081722,11.979457198656904,0.9989403543951964,1-2,1486798.8,1389506.0,1484061.8741906167,1387243.3210159454,97292.75,6.543774,96818.55317467125,6.523889256805719,6.171452008125877,6.142861,0.02859111869106279
2631,291.0226159042974,293.10593,2.0833106093744505,0.7158586637333869,0.7037813412896397,19.581299561489917,0.9991829673382292,2-3,2441577.5,2266898.2,2432252.7333530383,2259015.308947369,174679.25,7.1543603,173237.42440566933,7.122509187885622,6.386008700122839,6.355432,0.030576666584020806
2632,301.23719496150846,303.23315,1.9959593353665357,0.6625872796424013,0.7923327465581808,12.38710236753002,0.9989877738825516,1-2,1705269.1,1592100.9,1701324.526503982,1588810.0842963706,113168.25,6.6363864,112514.4422076114,6.61334392438432,6.230787162893548,6.2019706,0.028816585653557603
2633,284.5386737178578,286.5719,2.0332256962046813,0.7145691900640482,1.1871853775268535,13.039995404747316,0.9975199649430704,2-3,3086624.8,2866259.0,3071293.5536136,2853085.879461673,220365.75,7.1393757,218207.67415192677,7.104748222298374,6.487321328205251,6.4573154,0.03000588325896203
2634,305.32171810782864,307.38602,2.0642987378744806,0.6761060925071319,0.7411799624024771,25.163198681840683,0.9990946515495264,2-3,1482462.8,1382220.5,1479748.8797845528,1379988.6796838348,100242.25,6.761873,99760.20010071807,6.741697963997977,6.170188019869726,6.140578,0.02961022674838798
2635,294.14807613601823,296.2358,2.0877331901536422,0.7097558541189455,0.8166846951247848,20.60727681838577,0.9989206072653704,2-3,2184702.0,2029697.0,2177459.2137368247,2023612.5005900483,155005.0,7.095018,153846.71314677643,7.0654234153370865,6.337950028931169,6.307431,0.030518807922867985
2636,286.6776486909779,288.68292,2.0052736723033604,0.6994872748049258,0.8384083477159716,11.251075595665869,0.998838103415748,2-3,2855278.2,2655522.5,2842214.5756045436,2644321.3182679983,199755.75,6.996017,197893.25733654527,6.962643110591081,6.453656862290685,6.42415,0.029506872208897583
2637,293.44886102145057,291.37177,2.0770958847318184,0.7078220980315839,0.784353933071033,18.49070940429243,0.998926442721102,2-3,2239482.8,2411300.0,2231815.7330224724,2402232.3027671743,171817.25,7.672185,170416.56974470196,7.63578136058359,6.348658334783877,6.3822513,0.0335929278809175
2638,292.2322346414868,294.2885,2.056278542106952,0.7036453540553503,0.7121816710885772,15.53651650662303,0.999127526861054,2-3,2338428.8,2173879.5,2329970.106540372,2166722.9129994893,164549.25,7.036744,163247.19354088278,7.006407210231483,6.3673503490741545,6.3372355,0.03011489832952563
2639,301.00688294161296,298.86835,2.1385357736442074,0.7104607551645337,0.736648871878507,13.401995228712424,0.9991356644827426,2-3,1718888.1,1851207.5,1714867.4710475695,1846353.404299976,132319.38,7.6979628,131485.93325240654,7.667410775019547,6.234230562386527,6.267455,0.03322453862665675
2640,296.5750411240881,298.57867,2.003633192318148,0.6755906312021113,0.6036049941589643,8.793366092157896,0.9993967417592654,2-3,2005669.9,1869975.0,1999752.475523224,1864998.045686321,135694.88,6.765564,134754.429836903,6.7385554705536865,6.300976243080442,6.271836,0.02914043909484665
2641,300.2827988429997,298.22888,2.053917007062182,0.6839942264345469,1.7213926352060327,18.487793444624717,0.9952901271490456,2-3,1762488.0,1892921.1,1758196.3670742204,1887785.1512221475,130433.125,7.4005113,129588.78414792707,7.370552378263254,6.245067378345376,6.2771325,0.03206513279353995
2642,309.92181836836306,307.8012,2.1206098722693127,0.6842402653138877,0.746111752963031,25.633847492931054,0.999064685070142,2-3,1269184.2,1362977.2,1267438.710339435,1360832.4475277425,93793.0,7.3900223,93393.73718830757,7.368698496142321,6.10292696729141,6.134489,0.03156209215683248
2643,300.1088567622993,302.21692,2.108062183013203,0.7024325125742258,0.7296387577365667,15.168323194926472,0.9991718284177212,2-3,1773140.1,1648649.2,1768783.453837046,1645042.4364044245,124490.875,7.0209274,123741.01743262145,6.995826264893442,6.247674666962744,6.2171283,0.03054639013779248
2644,318.1275305446401,316.0541,2.073422878624456,0.6517583923260959,1.1230467033097338,10.816575370587756,0.9982057627861288,2-3,967950.6,1035779.6,967177.5610619322,1034831.8876473302,67829.0,7.0074854,67654.32658539794,6.9950264883229405,5.985506212149627,6.015268,0.02976163681887911
2645,296.1010950577619,298.13535,2.0342504012224936,0.687012116866931,0.6585480672596649,9.669902455664811,0.9992854010185538,2-3,2039324.8,1899108.0,2033169.3003860216,1893931.3458864724,140216.75,6.875646,139237.95449954923,6.848320721403438,6.308173543498891,6.2785497,0.029623872325795553
2646,310.009184813599,307.92426,2.084929442505256,0.6725379584346424,0.7864151141892692,12.899127780625406,0.998944212525458,2-3,1265477.4,1357332.1,1263747.440827161,1355212.05448788,91854.75,7.2585063,91464.61366071901,7.2375706336427985,6.101660289124662,6.1326866,0.031026325865572524
2647,292.2489450521407,290.1777,2.071241194718823,0.708724951718573,0.8125313170353241,19.086577167223567,0.9988718803575642,2-3,2337040.2,2516579.8,2328591.6536329975,2506611.030650333,179539.5,7.682345,178019.3770173355,7.644937520049731,6.367093336485494,6.4008107,0.033717382050882705
2648,298.20581962511926,300.3377,2.131887894411989,0.7149048590305949,0.7390603832359952,9.85219813124816,0.9991376161034442,2-3,1894443.1,1759135.6,1889298.6072493165,1754871.0270708632,135307.5,7.142337,134427.58017845335,7.115210886338941,6.276300604418251,6.2452993,0.031001265123817845
2649,297.18102660910523,299.31305,2.1320227073010187,0.717415486320854,0.7018747357608085,11.802961497998297,0.999226196159862,2-3,1963523.0,1822795.2,1957908.6138143118,1818123.5414082273,140727.75,7.1671047,139785.0724060845,7.13950954706519,6.291792417067533,6.260738,0.03105452110195639
2650,305.45328754650984,307.5535,2.100209767943284,0.6875715055525455,0.8259701353998601,14.69013445272256,0.9989592882413256,2-3,1475839.9,1374423.8,1473162.1486240567,1372229.5530093345,101416.125,6.871757,100932.59561472223,6.851424719878524,6.168250551579231,6.138121,0.030129423496955354
2651,300.6507950372184,298.5289,2.121894890733984,0.705767264134894,1.4863490044410637,13.635080496213137,0.9967841074049392,2-3,1740177.0,1873221.9,1736027.4337185053,1868223.909706672,133044.88,7.6454797,132196.47598816664,7.6148840404559035,6.23955658386952,6.272589,0.03303262282603647
2652,296.5230366828558,298.69196,2.168918883550475,0.7314503816680618,0.699538067549986,21.727198487706005,0.9991572732647396,2-3,2009333.1,1862610.5,2003390.4543303158,1857679.455507992,146722.62,7.3020554,145710.99882232375,7.27322018068771,6.301765600135056,6.270122,0.03164354889604226
2653,298.5222624012968,296.37927,2.142989940359257,0.7178660389081749,2.380541886888896,14.444049070059492,0.9913526502095672,2-3,1873657.9,2019496.1,1868650.235348128,2013487.2666054668,145838.25,7.783612,144837.03125733882,7.750890376248276,6.271528019905633,6.305243,0.03371499538367395
2654,291.7472998749373,289.6062,2.141098703062312,0.7338880956156688,0.7684106343974684,9.30156710096358,0.9990115404186152,2-3,2379195.0,2568738.8,2370399.988205122,2558310.120104238,189543.75,7.966718,187910.1318991161,7.927359636944756,6.374821636310988,6.40972,0.03489830768925639
2655,301.28270548402804,303.45514,2.1724336761282075,0.7210615267936032,0.8638458273237528,20.623308421229524,0.9988027756115244,2-3,1702590.1,1580031.1,1698667.0966722392,1576809.0174893825,122559.0,7.1983852,121858.07918285672,7.173746958517173,6.230108274546224,6.1986656,0.031442655649740026
2656,295.87448759736765,298.01132,2.136834424116728,0.7222097591004798,0.6423215939627368,10.073147256541802,0.9993052170725624,2-3,2055636.5,1907345.5,2049362.5693339943,1902116.7982024287,148291.0,7.213873,147245.77113156556,7.184954645649539,6.311618799753715,6.2804294,0.03118943650298256
2657,303.0660900861547,300.88586,2.180225828342202,0.7193895653988918,0.7324883631737924,10.962839409670778,0.999133941167446,2-3,1601245.0,1726089.9,1597905.0313141,1722022.6363966737,124844.875,7.7967377,124117.60508257383,7.767520763139525,6.203550964213354,6.2370634,0.03351244368459483
2658,298.15875871350096,300.25977,2.101006911499041,0.7046604703361697,0.6064631679397876,9.082581945251576,0.9993994426655824,2-3,1897555.2,1763895.5,1892389.468149873,1759596.1362636678,133659.75,7.043787,132793.33188620512,7.017230550116768,6.277010522373187,6.246473,0.030537686832415645
2659,288.641665686558,290.7966,2.1549346552388897,0.746577819980771,4.153377354628043,19.125007585147387,0.9773837304031022,2-3,2659473.2,2461395.8,2648236.408742036,2451899.2399968053,198077.5,7.4479976,196337.16874523088,7.413883749090772,6.42295675207781,6.3911815,0.03177528311418687
2660,291.41976478670955,293.54996,2.1301924886810752,0.7309704920804412,0.6963444334696397,19.0187825558134,0.999172482010518,2-3,2407170.8,2231468.8,2398139.576609196,2223864.759809317,175702.0,7.299108,174274.81679987907,7.267083972080209,6.379874456322094,6.348591,0.03128360549201581
2661,308.2174905567815,306.04193,2.175559404437763,0.7058520269267359,0.6957861051959743,10.085791464431878,0.9992080108313092,2-3,1343978.1,1446606.2,1341917.7999018086,1444072.5290220382,102628.125,7.6361456,102154.7291202296,7.612592151896674,6.12772591364041,6.160351,0.03262488592013657
2662,305.52871839122736,307.70786,2.1791368333820174,0.7132346984782125,0.7626591081113511,10.976575518494856,0.9991136525200206,2-3,1472057.9,1367277.4,1469396.2721245282,1365117.0202243759,104780.5,7.1179605,104279.2519001523,7.096741286091603,6.167138933699592,6.135857,0.03128182844446492
2663,298.11151028508704,300.25366,2.142151824287964,0.7185740068336854,0.7975823612750867,23.57134563569676,0.9988181073126312,2-3,1900689.2,1764265.4,1895501.6453325022,1759965.618486263,136423.88,7.1776004,135536.0268462391,7.150404072715213,6.2777241657387215,6.246564,0.031160254300733214
2664,296.00106750187604,298.16812,2.1670538360145883,0.7321101421368534,0.7202700129560804,10.722993926583769,0.9991300665043852,2-3,2046509.1,1896936.6,2040303.149453053,1891778.4013971193,149572.5,7.308665,148524.74805593374,7.279543145132575,6.309694699952073,6.278053,0.031641893097824614
2665,288.4157173954195,290.6047,2.188988415127369,0.7589698768483737,0.7801197489102377,19.045078264250748,0.9989532064034008,2-3,2681234.0,2478363.5,2669794.2753449976,2468724.8919796045,202870.5,7.5663114,201069.38336539315,7.531268803076988,6.426477797497656,6.394165,0.032312758435155686
2666,300.08359245822544,302.27585,2.192255930446436,0.7305484156890781,0.6569320139471275,8.520580771918631,0.9992882477825938,2-3,1774692.5,1645311.1,1770325.3315736454,1641724.2018284248,129381.375,7.2903543,128601.12974522053,7.264265355730223,6.248053083720037,6.216248,0.03180504828912856
2667,290.199522996054,292.3682,2.168671584024196,0.7473036349731301,0.730652212007765,19.630226119191093,0.9990622477437416,2-3,2514610.5,2327136.0,2504657.038126993,2318764.847597436,187474.5,7.4554095,185892.19052955694,7.421862063341372,6.398748266472295,6.366822,0.03192650057263702
2668,295.7726438386736,297.91718,2.1445314542951337,0.7250607853594628,0.7158791584580934,8.644170311606857,0.9991531572525028,2-3,2063012.0,1913625.8,2056688.264939681,1908355.3634224024,149386.25,7.2411723,148332.90151727851,7.212220930410611,6.313168470072835,6.281857,0.031311456370442414
2669,290.6760627363023,292.9233,2.247246589869576,0.7731103031721775,0.6964047018630874,19.130164722490576,0.999161470331952,2-3,2472039.5,2281650.8,2462457.9050502004,2273652.489304027,190388.75,7.7016873,188805.41574617336,7.667356073740652,6.391368815104402,6.358249,0.03311962763491927
2670,284.59565045993355,282.35422,2.2414329306366767,0.7875850973176535,2.9562831191374155,14.385097729936293,0.988251591540508,2-3,3080209.2,3344216.5,3064941.3015559046,3326222.0763496077,264007.25,8.571081,261280.7747937031,8.524821492048314,6.486422161512028,6.524295,0.037872691698421335
2671,297.0004659649759,299.18964,2.189170265492862,0.7370932090561173,0.7015897595159253,20.11088965971948,0.999184631013579,2-3,1975978.0,1830633.4,1970279.1628438951,1825911.089792158,145344.62,7.355579,144368.07305173716,7.327290252786144,6.294527764381526,6.2626014,0.03192638880169163
2672,309.1924598455705,311.45654,2.264083123179489,0.7322569005435352,0.7614367989154106,12.909106506646223,0.9990563122502676,2-3,1300616.0,1205754.1,1298741.6705633462,1204253.6975619681,94861.875,7.293611,94487.97300137812,7.275347757217393,6.113522775240902,6.0812593,0.03226352460003312
2673,299.15953918523763,296.87616,2.283379517268884,0.7632648196636745,1.8453395644989332,14.333651338803918,0.9943258298581208,2-3,1832549.9,1984603.2,1827815.344323995,1978841.2028098044,152053.38,8.297366,151025.8584858093,8.262643103133877,6.26193231886397,6.2976737,0.03574138337602051
2674,296.7947398190145,299.03156,2.2368153567667264,0.7536573451843306,1.2577980495842438,11.3865857237424,0.9976634826943196,2-3,1990274.6,1840723.0,1984475.806704382,1835936.847793733,149551.62,7.51412,148538.95891064894,7.485047608482944,6.29764580867083,6.2649884,0.032657386277031186
2675,298.8611664518407,301.10452,2.2433562532374367,0.750634911812451,0.8088196351097603,19.07823448682265,0.9989448603692292,2-3,1851669.0,1713100.2,1846815.2570782201,1709112.0748879127,138568.75,7.483451,137703.18219030742,7.4562510604424315,6.2664234537270085,6.233783,0.03264068547749677
2676,287.1738999515547,289.4207,2.246784862898437,0.7823778077595012,0.9950954674032246,13.618187887327394,0.9982863150511628,2-3,2804355.5,2585921.2,2791780.2522202916,2575348.934907765,218434.25,7.789107,216431.31731252652,7.752448178555585,6.445881230926765,6.4126153,0.03326593170191128
2677,295.27009730411856,297.58725,2.31715245174081,0.7847568964473294,0.7479504640530434,11.36018837408227,0.9990924330443436,2-3,2099843.5,1935814.8,2093245.688694538,1930389.2936583231,164028.75,7.811475,162856.39503621496,7.780089834451352,6.320820205396585,6.286864,0.03395640153306001
2678,297.05880950855567,299.32166,2.262845764881831,0.7617500954189538,0.7201224641349272,9.354571977675532,0.9991371723137396,2-3,1971944.5,1822249.0,1966271.7018142082,1817583.5289290496,149695.5,7.5912633,148688.17288515856,7.561934230552642,6.293643528982212,6.2606077,0.03303580956082541
2679,297.0294176155606,294.77554,2.2538744026699646,0.7588051112119509,0.752845324798165,19.44283576058308,0.9990339002128108,2-3,1973976.5,2136790.8,1968289.6431837669,2129916.799287116,162814.25,8.2480345,161627.1561033493,8.211553450127013,6.29408900729687,6.329762,0.035672974667241064
2680,302.5490028254698,304.7706,2.221596539764562,0.7342931290525936,0.7120508511753547,13.5117312036233,0.9991797074014064,2-3,1629930.8,1510560.6,1626426.2167275103,1507708.7364367128,119370.125,7.323632,118717.48029079754,7.299284718225084,6.211234366176174,6.1791387,0.03209570574526577
2681,307.88265533363153,310.1257,2.243046570665342,0.7285394392336603,1.0349974817700824,15.81422766851648,0.998258781760254,2-3,1359238.0,1260548.9,1357109.2035923596,1258841.1432367377,98689.125,7.2606215,98268.06035562186,7.240984004492761,6.13261479578749,6.10056,0.03205460749403333
2682,301.2548780849907,303.5292,2.274327237274917,0.7549511734821699,2.090955852037325,10.379962464534628,0.9944700230188024,2-3,1704228.4,1576028.8,1700294.2395371299,1572829.978169126,128199.625,7.522444,127464.2613680039,7.496600200369051,6.230524083466405,6.197564,0.03295995840537014
2683,302.14294278545754,304.46188,2.31894075946434,0.7674979061519729,1.1203811598316595,15.163563045198558,0.9981303042661676,2-3,1652850.5,1526555.1,1649220.4276906939,1523617.7882903814,126295.375,7.641064,125602.63940031244,7.6158794356062165,6.217278705451661,6.183713,0.033565746162110166
2684,288.77656588706355,291.05582,2.27925076332707,0.7892782976782309,1.0463513031975324,22.38861984256532,0.9981028255749612,2-3,2646574.8,2438675.8,2635460.8503530696,2429375.03527321,207899.0,7.855399,206085.81507985946,7.819725914435435,6.4208565691747985,6.387154,0.03370246684935907
2685,299.6875971209808,302.0142,2.326593552847328,0.7763396200571177,0.7504600628034171,12.504681849175356,0.999054536678076,2-3,1799236.9,1660193.0,1794718.2636922896,1656517.70158695,139043.88,7.727936,138200.5621053395,7.700404286354019,6.253996282369992,6.2201586,0.033837705404660134
2686,300.4752260735065,298.13037,2.3448549797565192,0.7803821334617741,3.2073982899941167,17.909141696626335,0.9871768341246128,2-3,1750782.8,1899437.5,1746564.7824898276,1894258.195544922,148654.75,8.490759,147693.41305509442,8.456223011925676,6.242184698852035,6.278625,0.036440312592056934
2687,299.07601222783086,301.40662,2.3306039831066414,0.7792681083801626,0.7291736927783978,20.054789971993443,0.9991593977761496,2-3,1837879.5,1695326.2,1833108.8877054078,1691447.9824769166,142553.25,7.7563977,141660.90522849117,7.727904554857899,6.263188263066456,6.2292533,0.03393497098271592
2688,298.63421401391935,300.92172,2.2875083981900275,0.7659900610327947,0.6863227615465632,11.470172412393168,0.9992224429221206,2-3,1866360.9,1723951.5,1861409.8048707326,1719898.113616751,142409.38,7.6303234,141511.69125398155,7.60239313684119,6.269841997204453,6.236525,0.0333169384581149
2689,308.6695093024608,306.37598,2.293532739960824,0.7430383211946678,0.7207172395016742,25.53824248614532,0.9991034330670736,2-3,1323679.2,1430302.6,1321709.9644967914,1427843.7329372775,106623.375,8.055077,106133.76844048616,8.030034674127164,6.121136164198044,6.1554284,0.03429224537837161
2690,295.4239000601253,297.74313,2.319233484796598,0.7850527612439558,0.8056426527903999,10.615080909631416,0.9989187474952272,2-3,2088494.2,1925297.0,2081976.480905383,1919944.3154426496,163197.25,7.8141108,162032.16546273325,7.782612673524094,6.318475819184746,6.2844977,0.033978081300224616
2691,304.0959467825492,301.79865,2.2973017630179697,0.7554529375758855,0.7413795373023383,10.72368192976333,0.9990799603009342,2-3,1545760.5,1672564.8,1542724.2824549705,1668817.1963429574,126804.25,8.203357,126092.91388798691,8.173392700303681,6.188288315364506,6.223383,0.03509463446459549
2692,309.7287242445324,312.06833,2.3396046128895023,0.7553721788626788,1.2224581847860256,30.53787894752611,0.9977531789972108,2-3,1277422.9,1181451.4,1275645.478937464,1180041.9538409426,95971.5,7.5128994,95603.52509652148,7.494521532436541,6.10572999418608,6.0724163,0.033313688644088124
2693,300.44891349863707,302.7429,2.2939759056598064,0.7635161262349556,0.6295913230289385,8.904110046083929,0.999338811309714,2-3,1752378.9,1619109.4,1748149.2927905726,1615668.5997081024,133269.5,7.6050615,132480.6930824702,7.578339769310614,6.242578518839859,6.209276,0.033302319499038724
2694,293.4993694550141,295.8538,2.3544208281890064,0.8021893990984803,0.7251093761507666,10.424145932037176,0.9991384792104258,2-3,2235475.8,2057133.4,2227836.693702216,2050847.603651733,178342.38,7.977826,176989.0900504829,7.9444373346936255,6.347883352738968,6.3132625,0.0346208901230014
2695,298.6767875475779,301.02557,2.3487861828908763,0.786397296615066,0.90870901854761,11.281374837355088,0.998651853204553,2-3,1863596.5,1717778.8,1858660.004483341,1713759.0243797838,145817.75,7.8245344,144900.98010355723,7.795991722748449,6.2691999536873775,6.234967,0.0342327219368892
2696,294.7196648236018,297.07858,2.3589179400700573,0.800393805239273,0.7272809297812226,11.676660462712334,0.9991312476776256,2-3,2141013.2,1970578.9,2134101.8960007434,1964914.5651889064,170434.38,7.9604545,169187.330811837,7.9278000328330185,6.329215151646264,6.294594,0.034621340611107776
2697,307.4016634860177,309.76004,2.358376797185372,0.7671971486558475,0.8531295045543663,9.534500657407024,0.9989066852730782,2-3,1381490.8,1276081.2,1379263.9260933595,1274309.658594235,105409.5,7.630127,104954.2674991244,7.609440478618032,6.1396473776179725,6.105879,0.033768547661917836
2698,307.9714038393062,310.31726,2.3458569028812803,0.7617125725430355,0.7533514628108949,10.040078163726063,0.99912829637777,2-3,1355172.9,1252496.1,1353066.2154258846,1250819.1157500062,102676.75,7.5766535,102247.09967587842,7.55669593329515,6.131319050322991,6.097777,0.033542160521965236
2699,298.52324811701203,300.84103,2.317785818534844,0.7764171913426129,0.670502655908285,8.223533667444073,0.9992576926565814,2-3,1873590.0,1728767.9,1868586.2865019096,1724687.1716557741,144822.12,7.729659,143899.1148461355,7.700961731637348,6.271513157249295,6.2377367,0.033776455283963
2700,291.07197523858395,293.43155,2.3595738336816794,0.8106496105465322,0.7321991075587866,9.067545430642936,0.9991444951608988,2-3,2437273.2,2240860.0,2427982.3715111203,2233179.9750751317,196413.25,8.058729,194802.3964359886,8.023221202992016,6.385245529197603,6.3504148,0.034830776237398275
2701,296.3421067381849,298.68408,2.3419752930650475,0.7902944737901041,0.7132702027245421,23.128699810093664,0.9991040298726532,2-3,2022134.2,1863121.9,2016102.063873064,1858191.0462777393,159012.38,7.8635917,157911.01759532467,7.832491242629218,6.304512514209437,6.2702413,0.03427125368087225
2702,297.6866894145176,295.3594,2.327283896939491,0.7817897069958795,5.563455767421534,30.2001382747153,0.951511107940567,2-3,1929097.4,2093241.8,1923717.2973695358,2086694.48467083,164144.38,8.508869,162977.18730129418,8.471992611603946,6.284141250023331,6.3208194,0.03667812787583902
2703,307.6639506969448,310.03278,2.3688251819614266,0.7699391419096633,0.7274677366000841,9.335604517062691,0.9991828667081448,2-3,1369307.1,1264477.4,1367134.9615939346,1262749.1282834182,104829.75,7.6556787,104385.83331051632,7.635371506322499,6.135811389609754,6.1019115,0.03389984480994901
2704,285.7399306931853,288.09695,2.357023652517853,0.8248842388950949,0.8475896897847666,10.21094182673508,0.998798202323329,2-3,2954281.2,2712264.0,2940255.262284722,2700546.564948695,242017.25,8.192085,239708.6973360274,8.152649207394395,6.468385035918744,6.433332,0.035053069518597546
2705,286.13769334335683,288.50137,2.3636799476587957,0.8260638156548108,0.7892044020695016,9.943253810229407,0.9989422497031144,2-3,2911834.2,2672962.5,2898233.76489187,2661608.8230290413,238871.75,8.203481,236624.94186282856,8.164453286315805,6.462133411745299,6.426993,0.03514051852630473
2706,307.5078712772335,305.1316,2.376279480358505,0.772754034063789,0.7222787489606937,23.02784076534913,0.999120421997036,2-3,1376542.6,1492090.6,1374339.864934542,1489326.995862599,115548.0,8.3940735,114987.13092805701,8.366717277282333,6.138094144087242,6.1737957,0.03570155598599989
2707,293.299021637589,295.63593,2.3369036553797287,0.7967648996345075,0.7858082341226438,18.650638880568152,0.9989779454819688,2-3,2251415.2,2072963.9,2243653.3750002356,2066557.7035393887,178451.38,7.926187,177095.6714608469,7.893183208873711,6.350955763033124,6.3165917,0.034364023378582687
2708,293.4887784258167,291.09134,2.3974393144885653,0.8168759730261889,0.8441190713129595,26.51529575584702,0.9988065934910252,2-3,2236318.0,2435582.5,2228675.1341304127,2426305.4906547265,199264.5,8.910383,197630.3565243138,8.8676161679089,6.34804676756641,6.386603,0.03855611100414702
2709,309.27650026221045,306.89197,2.3845324887729475,0.7710034505535648,1.3956624562679378,24.406946006286876,0.9972922624181426,2-3,1296951.1,1405514.2,1295093.033615218,1403173.6891516868,108563.125,8.370641,108080.65553646884,8.345397027946676,6.112300967285584,6.1478357,0.03553476422076329
2710,292.7229680198544,295.0811,2.3581171852237617,0.8055798290019452,0.685950482911559,21.518758722059644,0.9991831093996204,2-3,2297954.8,2113878.0,2289824.441969927,2107172.3263154356,184076.75,8.010461,182652.11565449135,7.9766864352865605,6.35980218679124,6.32508,0.03472226888352559
2711,305.72020468052153,308.0885,2.368296296040967,0.7746613602185185,0.9427945270804946,19.22429702375308,0.9986445745768796,2-3,1462504.6,1349832.9,1459892.763033737,1347751.355762399,112671.75,7.704027,112141.40727133793,7.681482510968954,6.164320955693232,6.1302805,0.03404046100329072
2712,300.7988716982032,303.22043,2.421556768593746,0.8050418390609314,0.785844861113943,14.04173037246764,0.9989842226584374,2-3,1731288.6,1592793.2,1727188.2820856497,1589499.310750058,138495.38,7.999554,137688.97133559175,7.971856500168398,6.237339682914175,6.2021594,0.035180278159536726
2713,289.07069271828186,291.46024,2.3895428774212637,0.8266292424704665,0.7779660270578461,9.928923064330265,0.9990148056269502,2-3,2618690.2,2403692.5,2607820.7379320017,2394686.338913402,214997.75,8.210126,213134.39901859965,8.172893018237708,6.416277734604866,6.380879,0.035398809281379506
2714,284.91635285114126,287.30624,2.38989104534312,0.8388044495963887,0.949807673795219,18.22081336880157,0.9984118256550744,2-3,3044327.8,2790947.5,3029428.3756226148,2778493.103061578,253380.25,8.323028,250935.27256103698,8.283254840427254,6.4813606889865065,6.4457517,0.035609021963801446
2715,294.15235162334113,296.6001,2.447746032908867,0.8321354629328883,0.7165833312965271,9.659095179677069,0.9991286348828124,2-3,2184371.0,2003906.8,2177132.364078375,1998004.5403932543,180464.25,8.261612,179127.8236851208,8.227695598147488,6.337884833837298,6.3018775,0.03600733521058874
2716,297.9623003030465,295.54263,2.4196672464058797,0.8120716090407829,2.016735631883363,11.88428200666118,0.9938759226332584,2-3,1910611.0,2079780.4,1905363.9785048524,2073329.1758111825,169169.38,8.854203,167965.19730633008,8.815386414417949,6.279977950487719,6.3180175,0.03803953226984902
2717,300.5817464649944,302.99594,2.414194697114965,0.8031740867525105,0.6692713447376037,10.20759525204835,0.999266310152878,2-3,1744341.5,1605105.1,1740162.792440629,1601741.9620872044,139236.38,7.9821744,138420.83035342465,7.954475923444231,6.24058987848465,6.2055035,0.03508641473953311
2718,310.89478878474955,313.29672,2.401933627359824,0.7725872912661852,0.8291381603725927,12.358944311529823,0.9989634605371188,2-3,1228556.2,1134272.8,1226969.7488242183,1133025.341015697,94283.5,7.6743336,93944.4078085213,7.6566197250214545,6.088833855244795,6.054718,0.034115837666670146
2719,289.5987689009372,287.19366,2.4051043501559093,0.8304953640803016,0.8558590070787481,20.158236673384778,0.9986989845209944,2-3,2569424.2,2802348.8,2558992.2411305676,2789790.7325601634,232924.5,9.065241,230798.49142959574,9.019116499064825,6.408068969107472,6.447522,0.03945319428364158
2720,286.4199684988867,288.80222,2.382247077285172,0.8317321902416281,0.7373829313420884,11.419193969875437,0.9990644080515582,2-3,2882113.5,2644129.2,2868803.0847766865,2633030.79419677,237984.25,8.257282,235772.29057991644,8.218489858402723,6.457700739208059,6.4222827,0.03541804343779553
2721,292.51152118312746,290.06467,2.446854435080581,0.8364984822422509,3.7040943469236254,25.257556636312643,0.9843684850343608,2-3,2315300.2,2526801.8,2307019.5761753214,2516743.370062272,211501.5,9.134949,209723.7938869507,9.090681156448618,6.363051279735158,6.402571,0.03951992158930473
2722,294.3573217211558,296.78827,2.430947321812937,0.8258491100539939,0.7695467807506464,26.72204193648672,0.9989967744773016,2-3,2168594.2,1990731.4,2161479.1076095803,1984916.3432005532,177862.88,8.201759,176562.76440902706,8.168608421308827,6.334751042093254,6.2990127,0.035738381113029405
2723,302.13128887994753,299.6872,2.444094055728783,0.8089509910706233,0.7218092204314155,10.243304559074176,0.9991549996012136,2-3,1653514.9,1799260.5,1649881.2324349508,1794739.5799743624,145745.62,8.814292,144858.34753941162,8.779925772331184,6.217452682423242,6.255094,0.03764136893784187
2724,296.2371393968331,298.70755,2.470410651995053,0.8339300929738397,0.8993654867650697,26.437918310027896,0.9986420216438976,2-3,2029601.2,1861600.5,2023513.0246070419,1856677.5902505703,168000.75,8.277525,166835.43435647152,8.244841141502922,6.306106004129989,6.2698865,0.036219510447127234
2725,300.15643826010586,302.6214,2.464960665675392,0.8212253183586008,0.7771584361467097,11.476565691749585,0.9990325285070196,2-3,1770220.4,1625878.9,1765884.4394751447,1622404.5448431082,144341.5,8.153872,143479.89463203656,8.125101021598082,6.246962279683012,6.211088,0.03587409914101958
2726,303.2821490948869,300.83447,2.447676438636904,0.8070624815676531,0.6784884163939717,10.014120180330366,0.999230386518097,2-3,1589425.1,1729157.1,1586152.6544646278,1725070.8647330846,139732.0,8.791355,138918.21026845672,8.758186664911241,6.200344982351854,6.2378345,0.03748947123090929
2727,294.5830946394565,297.05652,2.473423915231024,0.8396353898916958,0.7410692618358974,9.792755581582384,0.9991245049896982,2-3,2151362.5,1972104.8,2144376.3439598344,1966428.0212160754,179257.75,8.33229,177948.32274375902,8.298371843403068,6.3313010075887215,6.29493,0.036371026357032044
2728,299.84181480811293,302.33795,2.496136852043321,0.8324845731209143,0.7760371290526055,11.755445183562928,0.9990485349842484,2-3,1789634.0,1641801.2,1785175.6747510314,1638228.3315684851,147832.75,8.260502,146947.34318254632,8.23153403112779,6.2516809604038865,6.2153206,0.03636037324568342
2729,289.55521659317003,292.03967,2.48445625839247,0.8580250384102638,1.1443057226929088,13.26962820056984,0.9979265359078184,2-3,2573450.2,2354523.0,2562985.4913055394,2345928.896385544,218927.25,8.507149,217056.5949199954,8.468896747809158,6.408746147712227,6.371903,0.03684320505475647
2730,300.710323811814,303.18317,2.472842692092229,0.8223338197193875,0.7430254272749106,23.02320589136896,0.9990777142976636,2-3,1736598.2,1594830.2,1732467.6146123472,1591524.3575469742,141768.0,8.163546,140943.257065373,8.135405007089275,6.238665125000087,6.2027144,0.035950681793299744
2731,293.4989557945471,296.02112,2.5221623695153994,0.8593428765998554,0.6491379783918002,10.55361555161997,0.999284699358849,2-3,2235510.2,2045062.6,2227872.220839004,2038867.8531268176,190447.62,8.519201,189004.36771218642,8.483626930857302,6.347890278343742,6.3107066,0.03718366289574426
2732,296.9225467861879,299.44934,2.5267940341245776,0.8509943288153546,0.7443985601740233,12.50170816935224,0.9990863943524322,2-3,1981378.8,1814183.9,1975636.6550715263,1809568.6068696757,167194.88,8.43831,166068.04820185062,8.405799101547762,6.29570707526822,6.2586813,0.03702577796597417
2733,290.0632923793636,292.6002,2.536896829620844,0.8746011288815291,0.8049650862102882,10.784796666151465,0.9989399576522932,2-3,2526929.5,2308008.5,2516871.267754709,2299786.2511252835,218921.0,8.663518,217085.01662942534,8.625193485683758,6.400861002940685,6.3632374,0.03762362195923963
2734,306.4397656239853,308.9426,2.50283081156158,0.8167447871738228,0.8297102723793054,15.227457323776775,0.998916988075098,2-3,1427212.2,1311577.8,1424774.188318794,1309659.1596983,115634.5,8.102123,115115.02862049383,8.07952793953457,6.153746038703743,6.1177945,0.03595152500135068
2735,307.8864722440319,310.36682,2.480349045030607,0.8056050748032456,1.1844539738402078,20.7670638294027,0.9979195538512944,2-3,1359062.0,1250421.4,1356938.6733357771,1248751.4363889443,108640.625,7.993795,108187.23694683285,7.9728906746297525,6.132560220221482,6.097057,0.035503354529343056
2736,297.42663850647483,299.8608,2.4341708196970444,0.8184104933977034,0.6516142056111783,10.923613251685907,0.9992825593978296,2-3,1946719.1,1788455.5,1941217.964951307,1784003.2792370273,158263.62,8.129762,157214.68571427977,8.09876523671175,6.288074301828864,6.252478,0.035596179117682425
2737,300.17787090533926,302.71262,2.534745061457613,0.8444143646607921,0.8798038556144318,18.80949133573341,0.9987862305024104,2-3,1768903.1,1620793.8,1764577.0408413461,1617345.4805644962,148109.38,8.37295,147231.5602768499,8.343730926400937,6.246640624261233,6.209728,0.03691286013159445
2738,296.8070329309824,299.3333,2.526280057298834,0.851152357257747,0.7767043621098578,15.278113609302636,0.9990075031698588,2-3,1989416.0,1821514.9,1983623.1554214698,1816851.6699112167,167901.12,8.439719,166771.48551025311,8.407417762514392,6.297459169296968,6.2604327,0.03702644911264219
2739,307.4373034712975,309.9434,2.5060864212806,0.8151536566916867,0.8685713952318894,9.037051036979136,0.998909067429208,2-3,1379829.2,1268267.6,1377608.3615190384,1266529.215637662,111561.625,8.085176,111079.14588137646,8.063187549100933,6.139125770107372,6.1032114,0.03591436721430519
2740,296.2506447837068,298.7255,2.4748496010588497,0.8353904521847514,0.6798622369396465,11.74105328438266,0.9992363459400382,2-3,2028636.5,1860437.9,2022560.8973411233,1855519.4055912814,168198.62,8.291216,167041.49174984195,8.258910372955206,6.305901606665549,6.269615,0.03628643332570558
2741,304.16517116296103,306.64334,2.4781699014920946,0.8147447954073539,1.0685028332276612,29.37012644343166,0.9981588607736882,2-3,1542107.5,1417397.5,1539086.3036478788,1415004.2257020925,124710.0,8.086985,124082.0779457863,8.062061084663808,6.187262973403376,6.151492,0.035770854567926946
2742,305.6379888944789,303.10974,2.528247683541452,0.8272033501746162,0.7766017486580846,12.059296206649664,0.9990874095520764,2-3,1466597.0,1598848.8,1463967.725623321,1595524.7131493036,132251.75,9.017593,131556.98752598255,8.986331134449625,6.165531502447646,6.2038074,0.038275851525742866
2743,287.5557036415299,290.06033,2.504629610423251,0.8710067575448096,1.0715536126115843,12.301027359114698,0.998112927449136,2-3,2765853.8,2527195.8,2753638.3181646895,2517134.1685669404,238658.0,8.628728,236504.1495977491,8.588787715424443,6.439906896436309,6.402639,0.037267984235381135
2744,298.91664791030377,301.42926,2.512612343602484,0.8405729025692963,0.7125974679396372,9.394237267623964,0.999159943209441,2-3,1848098.2,1694001.5,1843262.5433994196,1690126.3729884028,154096.75,8.338125,153136.1704110168,8.307887064671583,6.2655871979586255,6.228914,0.0366734139315259
2745,295.3406408791544,297.87854,2.537899159908079,0.859312539023886,0.6603773006314657,7.640836703663439,0.9992819715431008,2-3,2094630.4,1916211.9,2088072.9375782046,1910920.4226984964,178418.5,8.5178995,177152.51487970818,8.484019484739541,6.3197456647490435,6.2824435,0.03730214134206111
2746,297.4897281815668,299.99588,2.506151945386364,0.8424331020453873,0.7357749486370468,14.029276064537896,0.999098161318725,2-3,1942425.6,1780098.1,1936954.7085367464,1775697.0346559917,162327.5,8.356948,161257.67388075474,8.325319800718276,6.287119465808148,6.250444,0.03667553041386107
2747,280.4688194219617,283.01535,2.5465309198351638,0.907955089297802,1.184544015368325,11.816923338759892,0.9975567301421312,2-3,3585476.2,3263863.2,3564879.17043671,3246712.3442180534,321613.0,8.969882,318166.82621865673,8.925038157174908,6.552044814271505,6.5137324,0.03831238095241307
2748,296.1003256184921,298.65512,2.554795231117282,0.862814056614374,2.6959391539317537,22.29944241800125,0.9916977926021888,2-3,2039378.5,1865000.8,2033226.1438048824,1860059.7736727884,174377.75,8.550533,173166.37013209402,8.51682783342726,6.308185685349572,6.270679,0.03750668830977677
2749,283.4783559130725,286.0491,2.57074687013062,0.9068582544336926,0.8903256162566764,9.169421876977594,0.99866690455518,2-3,3208840.5,2921226.2,3192270.5598041145,2907527.663875612,287614.25,8.963183,284742.89592850255,8.919760734377572,6.5040996927195325,6.465565,0.03853448809917115
2750,294.5384524855391,297.10257,2.5641170945390286,0.8705542766661065,0.8415204803450342,27.670598492225395,0.9988283789784222,2-3,2154759.5,1968924.4,2147744.3165273373,1963273.2114693006,185835.12,8.624402,184471.10505803674,8.589062656969611,6.331982578456448,6.294229,0.037753547847317215
2751,287.67021528672774,290.2212,2.550976119522261,0.8867710259748798,0.8363329897967131,21.236282528143988,0.9987650879084312,2-3,2754419.8,2512653.8,2742312.2669566735,2502717.2564583677,241766.0,8.777384,239595.01049830578,8.736970380262358,6.438116906359617,6.4001327,0.03798425026220453
2752,299.2507563585472,301.8386,2.5878361707496538,0.8647718061734951,1.1864681044356675,11.613240140634671,0.9978663761353426,2-3,1826746.2,1670261.6,1822045.737309623,1666529.24873381,156484.62,8.566303,155516.48857581313,8.535268099550784,6.260559274509579,6.2227845,0.037774755314022634
2753,297.5943111178481,295.02945,2.5648616549574967,0.8618651496808367,0.9924118284311612,27.97997463192263,0.9984034096538326,2-3,1935336.6,2117734.2,1929913.2300253639,2111002.1516611828,182397.62,9.424594,181088.9216358189,9.383267538584567,6.285537783324713,6.3258715,0.040333684265618786
2754,306.47857978851755,309.04532,2.566738814998075,0.837493705683845,0.9684834356031572,15.008768514070248,0.9985487556907676,2-3,1425334.6,1307058.0,1422905.4609237448,1305161.4241809386,118276.625,8.298165,117744.0367428062,8.274902302108478,6.153176046139752,6.1162953,0.03688070846274982
2755,295.39544045427266,292.83276,2.5626767823976597,0.867541075941002,0.9613842918226728,9.41854548998559,0.9984822582372898,2-3,2090586.5,2289002.8,2084058.37112116,2280942.6577729257,198416.25,9.490937,196884.2866517657,9.44715797695474,6.318909878687376,6.3596463,0.04073644165564172
2756,294.24802026729924,296.84183,2.593807125278886,0.8815036794207259,0.677038656177042,10.23765999318418,0.9992252574113116,2-3,2176991.8,1986992.9,2169813.773900046,1981214.415547243,189998.88,8.727589,188599.35835280293,8.691960601476525,6.33642246175721,6.2981963,0.038226145991829164
2757,288.27590673161853,290.9209,2.6449917058814663,0.9175209041468464,2.930957912296229,16.159967015312446,0.9883627250875788,2-3,2694798.2,2450475.0,2683237.7439055787,2441070.5687038214,244323.25,9.066477,242167.17520175735,9.02518517979967,6.428659154331267,6.3892503,0.039408875858366166
2758,302.1085131950019,304.69745,2.5889355354668737,0.8569555051882283,0.6814511846364173,8.642909454720979,0.9992093767427922,2-3,1654811.6,1514335.2,1651167.3147866766,1511460.4020815261,140476.38,8.488965,139706.91270515043,8.461099699227024,6.217791083079214,6.1802225,0.03756857178770989
2759,317.07957211182776,314.5094,2.5701726977652584,0.8105765630523839,1.1361876707136245,27.58342866770215,0.9979884047009512,2-3,1001596.6,1089734.2,1000740.0471855606,1088627.0781717272,88137.625,8.799712,87887.03098616668,8.78220385337196,6.000321279542684,6.037321,0.036999811155558504
2760,295.2657529499545,297.8585,2.5927370402798715,0.8781028664436145,1.544643014946987,11.710332684905552,0.9961650472715506,2-3,2100164.0,1917550.4,2093565.4329256301,1912256.2430417254,182613.62,8.695208,181309.18988390476,8.660306815943947,6.320886539010126,6.282747,0.03813974717052648
2761,305.6483205141602,303.09445,2.5538686098633434,0.8355578743463198,0.7159085197591468,20.5821870569865,0.9991687108831536,2-3,1466081.8,1599689.8,1463456.1348535737,1596356.048150143,133608.0,9.113271,132899.91329656914,9.081236542143879,6.165379709566843,6.2040358,0.038656049405324744
2762,296.3823064537476,298.98572,2.603411319689883,0.8783963357462305,0.6639679775083034,9.62229701652582,0.9992619656408128,2-3,2019281.0,1843663.9,2013266.9983573812,1838857.178437707,175617.12,8.697013,174409.8199196742,8.66302482790284,6.303901374602487,6.2656817,0.03821963098066039
2763,301.5223245264832,304.1132,2.590865170782422,0.859261474204661,0.8675527749112377,12.2173212796163,0.9988746365723478,2-3,1688571.8,1544849.4,1684733.3536239837,1541814.7877531976,143722.38,8.511476,142918.5658707861,8.483156433233656,6.2265311739234175,6.1888866,0.037644531467362796
2764,311.8285826570178,309.20493,2.623657119908444,0.8413780088896535,1.4330596057095448,21.331472322547768,0.9968377440459916,2-3,1190909.1,1300070.6,1189463.7505171215,1298198.1053704896,109161.5,9.166232,108734.35485336813,9.141460158503836,6.075351211240649,6.1139674,0.038616207430004934
2765,295.4852005830636,298.10712,2.6219161161551483,0.8873256971860097,0.8402235639035627,12.447918254281175,0.9988552955209012,2-3,2083990.9,1900977.2,2077514.2725248095,1895792.9678541638,183013.62,8.781882,181721.30467064562,8.747054452232435,6.3175440160698555,6.278977,0.03856709880300979
2766,297.10488938323795,299.76907,2.6641841030901787,0.8967149980671058,1.719094706491255,11.834299212423517,0.9952005973399288,2-3,1968764.4,1794157.1,1963109.7866400757,1789666.3048410353,174607.25,8.868875,173443.48179904046,8.835139174559076,6.292944588137299,6.2538605,0.03908411450448668
2767,307.43072129017406,304.775,2.655727393689688,0.8638458064778214,0.7252549218991786,9.887507604864425,0.9991506922367924,2-3,1380135.4,1510335.1,1377913.8948954153,1507481.3627612696,130199.75,9.433839,129567.46786585427,9.403161427273982,6.13922207958891,6.179074,0.039851730988482714
2768,286.75040848771096,289.38257,2.632159871664044,0.9179271567722452,0.928098327100513,23.110824641746788,0.998454103302912,2-3,2847748.5,2589469.8,2834753.8768790625,2578859.01602242,258278.75,9.069577,255894.86085664248,9.027057443814886,6.452515357919072,6.413211,0.03930448908362294
2769,297.32669213443785,299.9501,2.623411625327776,0.8823330345805571,0.7533217807989689,13.405771189878635,0.9990995360579108,2-3,1953536.6,1782926.5,1947989.4372231008,1778510.7838896017,170610.12,8.7333975,169478.6533334991,8.700183383699166,6.289586597630811,6.2511334,0.038453155705762576
2770,302.1248194277832,304.72855,2.6037267147949024,0.8618049717750085,0.8455991319487013,25.69106272387394,0.9988494532277646,2-3,1653881.6,1512728.2,1650243.6092301884,1509861.680926066,141153.38,8.534672,140381.92830412253,8.50673970309198,6.217548059568487,6.1797614,0.0377866498089654
2771,302.9903514094576,305.63297,2.6426136784330083,0.8721775020689722,0.9971311180742172,12.65546173324617,0.9985145722095914,2-3,1605415.2,1466846.6,1602047.4954635813,1464216.415580837,138568.62,8.631327,137831.07988274423,8.603432811638354,6.204675387348709,6.166385,0.03829021355110118
2772,303.57027130347257,306.21396,2.643687436761809,0.8708650637660669,0.7122486134954589,9.978201760664176,0.999178173435945,2-3,1573813.6,1438185.8,1570620.190260912,1435691.677453748,135627.88,8.6177845,134928.5128071641,8.590779212175399,6.19607117599071,6.1578155,0.03825571960032903
2773,304.07037435049,306.73572,2.665343422947501,0.8765547872398987,0.745649940600918,15.331975498155572,0.9991115523293864,2-3,1547112.1,1412969.1,1544067.208225557,1410598.86074038,134143.0,8.670542,133468.34748517722,8.643946764374274,6.188666199837966,6.150133,0.03853306690339586
2774,294.30023199748086,296.9762,2.675964291581636,0.909263398611436,0.6404899536980825,11.679476806429903,0.999310021591998,2-3,2172979.8,1977657.9,2165827.629152432,1971941.8328455738,195321.88,8.988665,193885.7963068583,8.95204187522222,6.335623889645361,6.296151,0.039472728451513284
2775,301.574286793803,304.28394,2.709648753071974,0.8985012554882229,0.6705829070563744,8.657321727415365,0.9992837687832208,2-3,1685548.8,1535862.1,1681727.7578517185,1532876.1601373355,149686.62,8.880587,148851.59771438292,8.851111425105437,6.225755692512924,6.1863527,0.03940296271556054
2776,292.43805540734724,295.0153,2.5772338992933896,0.8812922434816051,0.7590112224121549,9.34923587308991,0.9990395775760708,2-3,2321358.5,2118790.2,2313030.767719852,2112046.64948275,202568.25,8.72628,200984.11823710194,8.689210755083419,6.364181409753793,6.326088,0.038093458093636734
2777,303.7191230490077,306.36597,2.6468437478672517,0.8714774760626974,0.8182319211275004,22.8653358054449,0.9988462309010864,2-3,1565814.5,1430788.0,1562669.2170477565,1428330.4547112733,135026.5,8.623404,134338.76233648323,8.596749770900345,6.193867057088706,6.1555758,0.03829130483040544
2778,296.25464892735187,298.95773,2.703084226945009,0.912419176114892,0.6810659690031211,12.017736444214536,0.9992083545701972,2-3,2028353.8,1845458.2,2022276.6802468193,1840640.6407044649,182895.5,9.016943,181636.0395423544,8.981760078457004,6.3058405738485055,6.266104,0.03973635250451135
2779,303.4866645393811,306.16922,2.682555431322044,0.8839121268782963,0.8341106717210762,23.24622849918248,0.9988448017415074,2-3,1578326.8,1440369.6,1575110.820350916,1437869.4909388525,137957.12,8.74072,137241.32941206335,8.713122126955335,6.197311114934347,6.1584744,0.03883666959132981
2780,296.4860035077305,299.1746,2.6885875567226094,0.9068176996262516,0.7835954370193783,11.465746160275984,0.9989894071861968,2-3,2011944.8,1831590.4,2005991.0407431978,1826863.2170580765,180354.38,8.964181,179127.82368512126,8.929642258958264,6.302328989021149,6.2628284,0.039500638954010014
2781,299.8410762682094,302.503,2.661914454446844,0.8877751132622496,0.6673085417277651,11.888677816858404,0.9992537950725102,2-3,1789681.2,1632509.9,1785218.307315177,1628991.2760036043,157171.38,8.782087,156227.03131157276,8.75114436544881,6.251691331857262,6.212856,0.03883551596981061
2782,297.0376511501602,299.709,2.6713637424179524,0.8993350614220651,0.7371099856737391,9.054516798877216,0.999116389108869,2-3,1973406.5,1797899.9,1967721.2089951588,1793389.5487764182,175506.62,8.893587,174331.66021874058,8.85957113344147,6.293963566670599,6.2547655,0.039198056111517054
2783,303.1874994171031,300.5325,2.6549981963999585,0.8756951396427487,0.7220637195025881,11.25727586065176,0.9991603875567542,2-3,1594592.1,1747314.5,1591289.8784441734,1743118.650221391,152722.38,9.577519,151828.77177721774,9.541239081195117,6.201749300414257,6.242371,0.04062178189165078
2784,293.6875960443356,296.38562,2.698024072851922,0.918671441760388,0.7972666319236277,10.540375828546132,0.9989653293288304,2-3,2220612.2,2019048.2,2213092.931935194,2013039.624681938,201564.0,9.076956,200053.30725325597,9.039534868439683,6.344999651152402,6.3051467,0.03985295696905222
2785,297.259933692247,294.58765,2.672287207871989,0.8989732234276167,0.8008443525101743,16.039077815675967,0.9989472589600028,2-3,1958108.5,2151017.8,1952529.8053046078,2144035.2834466696,192909.25,9.851816,191505.47814206174,9.808069388840167,6.29059767209122,6.332644,0.04204631365707101
2786,290.11921765816425,292.84692,2.7277061699607543,0.9402018218505952,0.7426256425420791,9.79792065945935,0.9990771796599548,2-3,2521862.8,2287852.0,2511847.730612885,2279798.683968352,234010.75,9.279282,232049.04664453305,9.238181272553238,6.399993308727995,6.359428,0.04056537980343489
2787,301.8408834680981,304.55414,2.713254715495623,0.8989023237411738,0.7423955568144259,14.692720962473745,0.9991297693748672,2-3,1670129.6,1521755.6,1666401.351041373,1518842.9411060736,148374.0,8.883982,147558.40993529954,8.854914204377405,6.221779609045772,6.1823454,0.039434218725947545
2788,297.4682175724566,300.2346,2.766371050590294,0.9299719725239112,0.6743208801414582,19.929027903307173,0.999234389898245,2-3,1943889.1,1765430.0,1938411.3211450547,1761123.803145552,178459.12,9.18052,177287.5179995026,9.146021593331165,6.2874459376010075,6.2468505,0.04059544703093909
2789,296.90819817385994,299.60825,2.700047675749431,0.9093880507025844,0.7371934420251406,20.39439013603609,0.9991417664182286,2-3,1982377.6,1804200.1,1976631.4149015904,1799649.4302784647,178177.5,8.9880705,176981.98462312575,8.953717080932718,6.29592569339153,6.2562847,0.03964097964641322
2790,300.5365295998731,303.22015,2.68362420872063,0.8929444325099317,0.7020159506132002,12.019526119366702,0.9992286042714864,2-3,1747069.0,1592809.0,1742877.0656912327,1589513.5216047731,154260.0,8.829646,153363.54408645956,8.799447023857354,6.241266755110671,6.2021637,0.039103058821608805
2791,301.581487189514,304.28775,2.7062630546266178,0.8973571553899794,0.7125402238873652,15.697628769845068,0.9992157924666633,2-3,1685130.5,1535661.5,1681308.53763762,1532677.2081713227,149469.0,8.869877,148631.3294662973,8.84021737468465,6.225647418316257,6.186296,0.03935143214071957
2792,293.8023068914925,296.4865,2.684204338976201,0.913609007150354,0.7640406360913802,9.201290577910155,0.9990051336885244,2-3,2211607.0,2011911.6,2204161.4097466893,2005948.4081790522,199695.38,9.029425,198213.00156763708,8.992671802126164,6.343243394533458,6.303609,0.039634500185313115
2793,306.1242642483911,308.83963,2.715365878562011,0.8870142604438392,0.8180004268191088,23.643319135707884,0.9989430515341068,2-3,1442569.6,1316126.1,1440057.9625649936,1314185.316925092,126443.5,8.765158,125872.64563990175,8.74080411428028,6.158379972869918,6.119298,0.039081991607710975
2794,297.9835948902411,300.71765,2.734056476946421,0.9175191264987188,0.7207322062696293,12.22581398298442,0.999169198546592,2-3,1909193.5,1736157.9,1903949.9984606898,1732034.1835435336,173035.62,9.063284,171915.81491715624,9.029429084595035,6.279655538755519,6.239589,0.04006632443056812
2795,292.0766551313411,294.77884,2.702183979987012,0.925162601157526,0.7503569153342127,11.884412220796634,0.9990646454424889,2-3,2351425.5,2136542.0,2342859.3517670603,2129668.1093296004,214883.5,9.138435,213191.24243746,9.099617622230044,6.369746217497987,6.3297114,0.040034780272645065
2796,294.5356592654571,297.303,2.7673497677459977,0.9395635742875736,0.6995857176397703,12.898780264234093,0.999216267690726,2-3,2154970.2,1955156.6,2147957.4793480653,1949602.3692332762,199813.62,9.2722225,198355.1101147891,9.234592026234738,6.332025679882602,6.2911816,0.04084411555154688
2797,312.0324014036489,309.2607,2.771689733727044,0.888269846739907,1.0385816391469356,23.660831109705214,0.9982243899668716,2-3,1182863.5,1297637.6,1181448.8284577476,1295775.1546415477,114774.125,9.703074,114326.32618380012,9.676790346733904,6.072414915981335,6.113154,0.04073901849742434
2798,297.1698744440429,299.90274,2.7328660344727496,0.919630914669767,2.7538659346627448,15.299207866817198,0.9895309136724992,2-3,1964288.5,1785857.5,1958668.894541575,1781416.9036788605,178431.0,9.083747,177251.9908627146,9.049614835701993,6.291961026384207,6.251847,0.0401142360704867
2799,295.844209421075,298.55087,2.706663381659382,0.9148948316263946,0.694061595422997,10.69074617451686,0.9991941103292794,2-3,2057824.8,1871786.8,2051536.8301054202,1866795.7188077942,186038.0,9.040518,184741.11129762605,9.005010711317961,6.312079318021418,6.2722564,0.039822943662287
2800,299.4446739866509,296.72073,2.723940344072787,0.9096639815988908,1.9718964559054517,13.889674065070835,0.9944263877567608,2-3,1814476.8,1995447.2,1809859.9293913373,1989605.9252565699,180970.5,9.9737015,179745.99586523254,9.931486572316222,6.257644964788333,6.3000402,0.04239528026781958
2801,287.31153194895893,290.11472,2.8031836272129453,0.975659977237159,0.8958766612436386,11.020817231543475,0.9987192434024388,2-3,2790411.2,2522267.2,2777967.3014371153,2512252.739972268,268144.0,9.60948,265714.56146484707,9.565071602080629,6.443727129490508,6.401791,0.0419360337568655
2802,289.0643071994455,291.8168,2.7524957790701023,0.952208802856786,0.7924534659641098,12.295603362382082,0.998943585660423,2-3,2619291.2,2373306.5,2608417.59383004,2364559.326917174,245984.75,9.391272,243858.26691286638,9.34889672150999,6.416377120870467,6.375354,0.04102330769908047
2803,296.62821109410044,299.39276,2.764550136368314,0.9319916423901116,0.664722579800992,9.532394397081704,0.9992650786470072,2-3,2001929.8,1817752.9,1996043.4424425564,1813114.2151211186,184176.88,9.199967,182929.2273214378,9.164591482918201,6.300169989159654,6.259535,0.040635153344224406
2804,309.69973498187534,312.4492,2.749453250546537,0.8877803045932359,1.183446735475434,11.42539904429526,0.9980129502426904,2-3,1278666.1,1166596.8,1276881.8232976866,1165234.243227702,112069.375,8.764553,111647.58006998454,8.743767671595675,6.106150704730407,6.066921,0.03922947059954751
2805,302.3907297149518,305.18198,2.791246603407558,0.9230595812374018,0.7394023201392443,9.4680322033482,0.999169107185975,2-3,1638824.2,1489532.2,1635272.473787723,1486783.2528685778,149292.0,9.109702,148489.22091914527,9.080396282535412,6.21359012641732,6.1730504,0.04053972282234941
2806,311.43367816138635,314.24222,2.808539856191772,0.9018099367970002,0.9742337370473352,9.895661089785264,0.998575418613215,2-3,1206671.9,1099378.4,1205166.7449774197,1098244.27410024,107293.5,8.891688,106922.47087717964,8.872006410962076,6.0810471393703365,6.0411477,0.03989943047751421
2807,297.2759865004637,300.04724,2.771254710473784,0.932216134608458,0.672155789036143,9.2760755130586,0.9992550693359772,2-3,1957005.9,1776930.8,1951435.5694915373,1772549.3303365745,180075.12,9.201563,178886.23915496282,9.166904711159544,6.290354216761913,6.2496705,0.040683711238231446
2808,309.9696371629155,307.25357,2.7160666062748646,0.8762363408024186,0.7336742829064289,13.854904528046234,0.9991178711353726,2-3,1267154.1,1388424.8,1265417.2162561975,1386163.29605759,121270.625,9.570314,120746.07980139251,9.54199755228762,6.102233738827257,6.142523,0.04028907306239127
2809,301.3121369651074,304.09897,2.7868315407519617,0.9248985350612288,1.0199425616275075,16.503719157271377,0.9982729175600026,2-3,1700861.8,1545601.0,1696947.5832516998,1542560.8576257457,155260.75,9.128358,154386.7256259541,9.097907746220272,6.229668427670578,6.189098,0.040570546353439596
2810,284.2287544907612,287.0544,2.8256583510356563,0.994149362578832,1.0978539176954671,12.01248094586836,0.9979706006466592,2-3,3121815.2,2816525.8,3106124.35852056,2803831.057018783,305289.5,9.77923,302293.301501777,9.732169952324723,6.492218839395789,6.4497137,0.042505132425573855
2811,323.1647456111016,320.36404,2.800701421648455,0.8666481909567066,1.1584807683540064,13.730800665213591,0.9980939425341114,2-3,822779.0,900254.44,822297.8972404478,899633.3686005771,77475.44,9.416312,77335.4713601293,9.404799844394551,5.915029179693628,5.9543657,0.039336550592016906
2812,319.5544697607617,316.64713,2.9073445166210945,0.9098118761404628,1.126871776025881,25.877738123946784,0.9980910680592174,2-3,924134.0,1015857.06,923461.4192442921,1014961.560041799,91723.06,9.925299,91500.1407975069,9.908388037735824,5.965418756019559,6.006833,0.04141432045749216
2813,303.6082236558216,300.7975,2.8107383042590754,0.9257780538400052,1.2478875497161406,23.823285829119627,0.9978249141649126,2-3,1571769.0,1731370.2,1568588.0380366382,1727273.5472139409,159601.25,10.154243,158685.5091773027,10.116455393598777,6.195508898781627,6.23839,0.042881070090443174
2814,282.64421931872675,285.4013,2.757086833616995,0.9754619571780228,0.8302419728514567,9.47017515502769,0.9988487491899376,2-3,3308705.2,2990946.2,3291092.8434936283,2976578.2069367785,317759.0,9.603726,314514.6365568498,9.556540988463267,6.5173401341473705,6.4758086,0.0415315136944896
2815,286.04618011698454,288.86298,2.8167959572342056,0.9847346872739984,0.8989398171750091,17.381558505013743,0.9986128379005854,2-3,2921540.8,2638349.5,2907840.3026793464,2627303.8197465437,283191.25,9.693215,280536.48293280276,9.647589060317735,6.463570551578475,6.4213324,0.04223819226451031
2816,290.93316122160064,288.15442,2.778742276288142,0.9551136297493444,0.9053358497553098,19.67147885691685,0.9986651275690264,2-3,2449399.0,2706641.5,2440004.7546001812,2694975.9099003356,257242.5,10.50227,254971.15530015435,10.449617150108132,6.387390672607013,6.4324307,0.045040071564129924
2817,290.20412986455693,293.08694,2.8828147155211923,0.9933748071974888,2.458386530387444,24.53026056677362,0.9916917841511552,2-3,2514190.8,2268429.5,2504252.0287676095,2260535.8704018956,245761.25,9.774964,243716.1583657139,9.732093877374288,6.39867803428084,6.3557253,0.04295274588972653
2818,303.7799048577466,306.64346,2.863558277019024,0.942642430005357,0.7374341417976069,14.662445773880336,0.999147117498383,2-3,1562560.0,1417391.2,1559429.1421726905,1414997.120274735,145168.75,9.290443,144432.02189795556,9.261852173464206,6.1929656459334765,6.15149,0.04147543444666013
2819,298.9803576525776,301.80426,2.823902601328655,0.9445110787545776,0.6607162026651301,11.510058050861232,0.999271959177588,2-3,1844004.0,1672239.8,1839198.2389508719,1668497.4521118654,171764.25,9.314744,170700.78683900647,9.281260889874426,6.264628542420485,6.2232985,0.041329992768385004
2820,292.58285036556344,295.40976,2.82690915592093,0.9661909959482892,0.7933248564434898,8.948490289449964,0.9989418124656156,2-3,2309430.5,2089535.5,2301207.3365968037,2083013.8732995926,219895.0,9.521612,218193.4632972111,9.481695100967816,6.361955749952118,6.32005,0.04190598722628813
2821,303.02143078569406,300.17783,2.84360485795969,0.938417078484054,0.6913209073569542,18.602029760740837,0.9992022697340188,2-3,1603701.1,1768907.0,1600349.2983251147,1764577.0408413461,165205.88,10.3015375,164227.7425162315,10.261993596529715,6.204214783767677,6.247705,0.04349019898989148
2822,313.6944083784865,310.81372,2.8806876753615143,0.9183101765351948,0.7120191321527014,10.563025885195998,0.9992037270057376,2-3,1119448.4,1231885.8,1118246.052111887,1230287.9834002182,112437.375,10.043998,112041.93128833128,10.019434549018273,6.048537373601637,6.090571,0.04203355306462253
2823,297.25796589689867,300.19244,2.934477950757582,0.9871822751338412,0.8631062821138827,12.439831447324195,0.9988157698707176,2-3,1958239.6,1768013.8,1952657.7029970447,1763688.862421646,190225.88,9.714127,188968.84057539864,9.677520042829782,6.290626119002911,6.2474856,0.04314048133811621
2824,297.3507120908576,300.18204,2.8313252626580265,0.9521837841749964,0.6964238082131042,10.031415509694824,0.9991976906516092,2-3,1951894.2,1768648.6,1946362.2943582102,1764321.2454564725,183245.62,9.388092,182041.04890173767,9.352886121428053,6.28922368269281,6.2476416,0.04158211927728228
2825,284.5580786161983,287.4675,2.9094201630985594,1.0224345684533105,0.9050296056621614,10.323950221421484,0.9986899514716212,2-3,3084439.5,2774699.0,3069133.503696889,2762399.3100966113,309740.5,10.042035,306734.1936002779,9.99416262703479,6.4870157801417685,6.443216,0.043799933126387636
2826,295.9770513518652,293.06833,2.908722494443282,0.9827527104408232,1.6287457814990811,22.057876424306315,0.9958522218037732,2-3,2048235.6,2269929.2,2042015.5574462349,2262020.904719634,221693.62,10.823639,220005.34727339912,10.773931005135926,6.310059046510595,6.3560123,0.045953297849756325
2827,292.9883319721535,290.0718,2.916524110825378,0.9954403614620984,1.4302880208045137,18.173118923379064,0.9969711757473309,2-3,2276386.0,2526152.8,2268422.8947688327,2516103.881600088,249766.75,10.972074,247680.98683125526,10.918642524832018,6.355724021889217,6.4024596,0.046735599540226325
2828,312.3473666390619,309.43665,2.9107211312493746,0.9318859200157452,0.8830183352654467,25.220707901239777,0.998727818749268,2-3,1170548.5,1289997.9,1169174.2026974917,1288165.241941557,119449.375,10.204564,118991.0392440653,10.177357571654584,6.067879224278857,6.1105895,0.04271027996308607
2829,289.52053890563013,292.3882,2.867675205697992,0.9904911121461808,0.7481656153810007,11.90986129346996,0.9990779398343632,2-3,2576656.5,2325481.0,2566161.6173343873,2317123.49387783,251175.5,9.748117,249038.12345655728,9.704693647286597,6.409284004847243,6.366513,0.042771229426100454
2830,299.2411508252709,296.28122,2.9599313428490177,0.9891458225868618,0.6978283683514869,11.981570304498447,0.999179023581088,2-3,1827356.1,2026461.6,1822656.8040623767,2020400.8474244126,199105.5,10.8958235,197744.04336203588,10.849219826864811,6.260704901165401,6.3067384,0.04603347545203107
2831,300.0798501493185,303.00125,2.9214010713846505,0.9735412324189624,0.7643696633791408,11.695942125234213,0.9990080341315078,2-3,1774922.4,1604812.6,1770559.8106764462,1601450.6395655428,170109.75,9.584067,169109.17111090338,9.551169640877303,6.248110602095542,6.2054243,0.04268629331868645
2832,294.1775606606309,291.27347,2.9040926430527634,0.9871904017869612,3.77217204084342,27.857364892514227,0.9816043507378768,2-3,2182426.8,2419781.5,2175199.6878371076,2410645.128758574,237354.75,10.875726,235445.44092146633,10.824083978955496,6.33749913225385,6.383776,0.04627705564287865
2833,297.83832660587007,300.80118,2.9628513726455594,0.9947851260144588,0.7928337405620408,24.25019541842026,0.998900773600766,2-3,1918902.6,1731147.9,1913592.0633849544,1727053.2789658553,187754.75,9.784486,186538.7844190991,9.748095635865592,6.281849361077512,6.238334,0.04351518215295158
2834,304.24409301182766,307.1632,2.9191149959848417,0.9594648057378584,0.8801354619085952,10.933742940680986,0.9987242187842452,2-3,1537954.6,1392673.8,1534958.0503531126,1390398.1307627202,145280.88,9.446369,144559.91959039238,9.417841716074053,6.186096510921277,6.14385,0.042246661220349147
2835,297.074869701695,300.03793,2.963063647914396,0.9974130935039134,0.8034301042196075,12.767009291575931,0.9990096594556778,2-3,1970836.4,1777504.5,1965170.36057378,1773117.7645251825,193331.88,9.809636,192052.59604859748,9.772821730962958,6.2934002053221745,6.2498107,0.04358950967398112
2836,307.92272572192894,310.8847,2.9619788679148087,0.9619227879236292,0.948351723440232,14.506832802482208,0.9986870807248962,2-3,1357400.6,1228969.0,1355283.108761456,1227381.8636109591,128431.625,9.461586,127901.24515049695,9.43723450278822,6.132030025638496,6.0895414,0.042488590396796866
2837,306.3641818910189,309.30048,2.936294183199834,0.9584325964855592,0.7973935493748239,8.322897761945612,0.999007038671454,2-3,1430876.0,1295904.9,1428419.2725532432,1294052.0885073296,134971.12,9.432762,134367.18404591363,9.406704783934872,6.154855701158843,6.1125736,0.04228207750161683
2838,283.27080452852886,286.26224,2.9914330202992687,1.0560329453217598,0.8642889050844169,12.070322980197062,0.9987525420224694,2-3,3233374.2,2898682.5,3216556.9105123947,2885202.4111180296,334691.75,10.35116,331354.4993943651,10.301527646267592,6.507391239772714,6.4622006,0.04519059814063375
2839,298.1471708550605,301.11395,2.9667817816581987,0.9950729276248784,0.7214703262469276,8.926397643531757,0.9991417541496022,2-3,1898324.2,1712541.6,1893156.8543044939,1708557.8515540198,185782.62,9.786665,184599.00275047403,9.750856213036391,6.277186598188204,6.233641,0.043545450574678846
2840,294.48026055853484,297.4692,2.9889472051370376,1.0149906820470618,0.762232478324515,11.905783934931662,0.9990270587088562,2-3,2159195.2,1943818.8,2152149.68148905,1938340.2668714786,215376.5,9.974851,213809.41461757128,9.934690716755295,6.332872473120799,6.2886558,0.04421671521674586
2841,307.967476098044,310.96194,2.994468482034108,0.9723327021327388,0.9215574829660524,25.63134309859447,0.9986106044131252,2-3,1355354.5,1225806.1,1353243.8511098246,1224230.6065778632,129548.375,9.558265,129013.24453196139,9.533628726718753,6.1313760624136515,6.0884223,0.04295376398225503
2842,296.41443904518326,299.39423,2.979787029035492,1.0052772863002384,0.7003564340209016,22.76230301011313,0.9991237559315173,2-3,2017005.4,1817659.1,2011007.472457664,1813021.8445654698,199346.25,9.883278,197985.62789219432,9.845096579886643,6.303413684341695,6.2595124,0.043901259872701104
2843,290.5308718800532,293.5638,3.03294037580622,1.043930497361527,0.6951588131785534,23.167660958736136,0.999156783969136,3-5,2484927.5,2230376.5,2475233.463439167,2222777.629423604,254551.0,10.243799,252455.83401556313,10.199273633962312,6.393616167755073,6.348378,0.04523798629755316
2844,295.1886408950305,292.2106,2.978039088389892,1.0088596496668334,0.7540401235036824,15.62768588049596,0.9990534622800644,2-3,2105881.2,2340231.8,2099235.5639569955,2331753.5688071297,234350.5,11.128382,232518.00485013425,11.076317915072135,6.322061175307725,6.369259,0.047197705307509
2845,298.0767688280564,301.0736,2.9968395703810984,1.0053918600110046,0.9424215070237828,28.34973315121323,0.9985741336467466,2-3,1902994.5,1714929.4,1897789.5929416497,1710931.0642914586,188065.12,9.882588,186858.52865019115,9.846114097430208,6.278248060731021,6.2342463,0.04400180676373555
2846,303.2262189776608,306.24905,3.022834977417346,0.9968910299409316,0.7701749330942617,20.17108457748742,0.9990215810191484,3-5,1592476.8,1436475.1,1589186.6719463235,1433989.9276016024,156001.62,9.796164,155196.74434472108,9.765797000716542,6.201174914095105,6.1572986,0.04387634918421668
2847,296.54119663479383,299.5663,3.0251180624717904,1.0201341657757534,0.6803069656993774,11.097012910478384,0.9992280329639072,3-5,2008051.8,1806830.8,2002125.6882606628,1802264.2275460619,201221.0,10.020707,199861.46071460098,9.982463233276311,6.30149133788088,6.2569175,0.04457386122682738
2848,297.0321997431293,300.0625,3.030300256870703,1.0201925109436885,0.7099348681391109,13.885217162441876,0.9991656595567776,3-5,1973781.4,1775992.6,1968090.691217754,1771618.5193527287,197788.75,10.020803,196472.1718650253,9.982882025800262,6.2940451071989445,6.249441,0.04460396034835856
2849,295.68205996511074,292.6406,3.041465482688864,1.0286269931451857,1.421194462527036,25.865306970504363,0.9968073834932878,3-5,2069598.1,2304693.8,2063225.2581086739,2296503.543686072,235095.62,11.359482,233278.28557739803,11.306486514770596,6.314546645817588,6.362613,0.04806655532376958
2850,301.94338308201776,304.9645,3.021124974622865,1.000560086392828,0.7573643581901763,10.210111167372602,0.9990744474326692,3-5,1664246.4,1500609.2,1660546.4788987099,1497803.770700217,163637.12,9.832506,162742.70819849288,9.800551220127568,6.22025103606011,6.176268,0.04398293532158437
2851,306.46744061231345,309.47238,3.004940979483422,0.9805090464029828,0.9885559715542056,19.605642838866288,0.9985249510990288,3-5,1425873.1,1288453.6,1423438.367975565,1286630.4696323152,137419.5,9.637568,136807.8983432497,9.611086887999226,6.153338667810631,6.1100693,0.043269392908287685
2852,316.91148742772526,313.94403,2.9674566660065125,0.9363676558689812,0.9348502145670003,24.66216697905868,0.9985789472110312,2-3,1007112.5,1110254.5,1006243.2006740225,1109083.6035342603,103142.0,10.241358,102840.40286023775,10.220233318481165,6.002702958797312,6.045423,0.04272007205595951
2853,304.337971524736,307.3525,3.0145370201858555,0.9905228076151646,0.7191826644850283,14.000201572191202,0.9991916092367632,3-5,1533028.4,1383789.1,1530055.305476368,1381551.873702507,149239.25,9.734931,148503.43177386094,9.705755814338085,6.184707129137276,6.1410704,0.043636763231514664
2854,300.0718810468556,303.0955,3.02360845509753,1.0076280538346745,0.7175648276854618,9.374989448296816,0.9991746488674392,3-5,1775413.6,1599631.9,1771042.979736763,1596299.204731282,175781.75,9.90089,174743.77500548097,9.866715658783946,6.248229100792568,6.20402,0.04420907744662106
2855,299.51351729572457,302.59174,3.0782185441191814,1.0277394395792503,0.966908811035396,19.378129559806155,0.9985388061977364,3-5,1810146.9,1627538.1,1805554.0404126311,1624053.0039900716,182608.75,10.088062,181501.03642255953,10.052373529682907,6.25661049143456,6.211531,0.04507932917259705
2856,289.79032108990214,292.8491,3.058769486269739,1.0555112657888983,0.7496460608226131,9.658490111026282,0.9991010651397432,3-5,2551805.0,2287673.8,2541527.1006855844,2279621.048284412,264131.25,10.350761,261906.05240117246,10.305066285955501,6.405094745010768,6.359394,0.045700671524439684
2857,286.4588028062694,289.48282,3.02401579724625,1.0556546936668505,0.9228782796947456,12.43560587423545,0.998539483816023,3-5,2878050.0,2580152.8,2864767.202037569,2569621.9604575387,297897.25,10.350662,295145.2415800304,10.302590778409778,6.457089335909585,6.4116454,0.04544392346451698
2858,283.95802012830933,287.00253,3.044512830675046,1.072170044466204,1.513112240345775,18.780275002609017,0.9964724103760304,3-5,3152910.2,2821828.0,3136905.0698336875,2809089.0732634077,331082.25,10.500846,327815.9965702798,10.45030019310275,6.496501376118461,6.4505305,0.04597084709624433
2859,306.5993540219664,309.66235,3.0629994936585945,0.999023466122223,0.9366947297516932,25.331126710066343,0.9986622134478518,3-5,1419512.4,1280269.0,1417107.4321999424,1278480.5444531469,139243.38,9.80924,138626.88774679555,9.782383790873832,6.151402775754169,6.1073017,0.04410106371803657
2860,306.83356651627946,309.94757,3.114004284501789,1.0148838407275662,0.7217017069725588,10.91606916759963,0.9991669862178256,3-5,1408294.8,1268090.8,1405944.8058211512,1266351.579953722,140204.0,9.955586,139593.22586742928,9.928784208985995,6.147968271609968,6.103151,0.04481742703599334
2861,300.1933149676662,303.26794,3.074629368271303,1.0242164681790036,1.039364060381941,11.627268325162248,0.998318528331121,3-5,1767959.4,1590201.9,1763632.0190027852,1586920.0406192488,177757.5,10.054388,176711.97838353645,10.019776034881422,6.2464079749070605,6.2014523,0.04495571965803702
2862,293.29945649105514,296.3819,3.082440481601111,1.0509533561631803,0.7901393934208233,9.71793524944718,0.9989651287771676,3-5,2251385.5,2019309.9,2243624.953290805,2013302.5254941692,232075.62,10.308125,230322.427796636,10.265638535478661,6.35095026152835,6.305203,0.045747300560332604
2863,309.6215623414945,312.75116,3.1295973264742543,1.0107814529475474,0.9543672002911164,9.902512658524842,0.9986626439154206,3-5,1282021.6,1154964.6,1280224.926869438,1153645.291207455,127057.0,9.910675,126579.63566198293,9.887296599630416,6.107286278957613,6.062569,0.044717137569673326
2864,295.2008731312257,298.26312,3.0622494273680445,1.0373442987774573,0.8320879160281994,27.186237915040635,0.9988123447483602,3-5,2104972.8,1890661.2,2098333.17468258,1885539.8361771456,214311.5,10.1812,212793.33850543434,10.141065350006874,6.321874446888088,6.2766137,0.045260734577296624
2865,297.5369188864908,300.61606,3.0791394631185653,1.0348764363904854,0.6857208465903587,10.399477563791976,0.9992099801896698,3-5,1939222.8,1742270.5,1933778.5825078988,1738102.2185069248,196952.25,10.156247,195676.364000974,10.118860854648789,6.286406745910383,6.2411156,0.04529117584202336
2866,307.1315329330254,310.26282,3.131284449787074,1.0195255498138307,0.7803681714087722,9.722541189328709,0.9990541247636698,3-5,1394165.4,1254778.2,1391883.1650804589,1253092.8525044385,139387.12,9.99789,138790.31257602037,9.971405363466515,6.143602782048692,6.0985675,0.04503529623936586
2867,288.3860280415872,291.48416,3.098133335365901,1.0743007753895517,0.7474783869785785,9.845807584425105,0.9990603551803106,3-5,2684108.8,2401640.0,2672650.6571427532,2392654.186689128,282468.75,10.523745,279996.4704536251,10.476358730435816,6.4269421957223845,6.380508,0.04643424970798016
2868,304.0270060749234,307.13266,3.1056538371859688,1.0215059107020978,0.7951982127783122,14.563391124067351,0.9990355240715004,3-5,1549408.8,1394111.9,1546348.050407347,1391826.321661598,155296.88,10.022976,154521.728745749,9.992687526268364,6.189307251134052,6.144298,0.045009174504412996
2869,310.1038088234761,306.987,3.116809311757322,1.0050857883953108,0.7753787696945921,12.000595523576749,0.9990418271795408,3-5,1261473.8,1401000.0,1259757.7433658682,1398683.059061683,139526.25,11.060575,138925.3156958148,11.027939016642112,6.100287036518366,6.1464386,0.0461515621144466
2870,295.9786574002277,292.8388,3.1398512478839398,1.0608370466517036,1.6710653573745264,23.836296361284468,0.9957176987667908,3-5,2048118.6,2288515.2,2041901.8706085132,2280459.488712609,240396.62,11.737437,238557.61810409557,11.683108847586407,6.310034866998071,6.359554,0.04951894693625558
2871,306.21088515563696,303.04495,3.1659327630588336,1.0339060159307183,2.3091613729197205,12.517417763905229,0.9936386182228146,3-5,1438335.8,1602409.2,1435840.8914282573,1599063.2159733889,164073.5,11.407176,163222.32454513153,11.367716682227325,6.157106317480691,6.2047734,0.04766710857521694
2872,288.0731028889776,291.19547,3.122362198913038,1.0838784209980152,0.7502100638985827,18.599899236488028,0.9990446779918646,3-5,2714602.8,2426534.0,2702862.9342672727,2417338.441329434,288068.75,10.611819,285524.49293783866,10.563779957833576,6.431824022613006,6.3849864,0.046837622008758295
2873,308.40638914981355,311.58084,3.174451914639576,1.029308090338405,0.9098606184630348,16.845402256579632,0.998783282284505,3-5,1335454.0,1200772.1,1333433.919636833,1199290.5565526837,134681.88,10.0851,134143.3630841493,10.059993308156125,6.124971498429968,6.079461,0.04551040071268275
2874,302.8030604168561,306.01288,3.2098180011126374,1.060034861171422,0.7686345510495329,12.067377264055438,0.9990688628342654,3-5,1615767.2,1448034.8,1612343.2597047451,1445493.6144935584,167732.5,10.380981,166849.64521118673,10.348270705193414,6.20745750640565,6.1607795,0.046678030239878154
2875,295.1759469931808,291.9954,3.180555147477662,1.0775116264981917,2.6052802343628696,17.598577443022577,0.9898734390831988,3-5,2106822.5,2358241.0,2100173.480368199,2349616.613184139,251418.5,11.933539,249443.1328159403,11.877263242663572,6.3222551701885985,6.372588,0.05033298746521009
2876,281.963796486332,285.14648,3.1826878886679992,1.1287576377991766,0.901574059732926,18.60260968649044,0.9985723189151484,3-5,3392679.5,3018871.0,3374169.500158699,3004218.3193578464,373808.5,11.01809,369951.18080085283,10.964214476583132,6.528166895424006,6.4798446,0.048322325264093635
2877,302.9343282087607,306.09613,3.161802162333061,1.0437252790163063,0.7247954558254986,8.997892203437175,0.9991583506417452,3-5,1608501.2,1443946.6,1605124.1455094225,1441429.3100450106,164554.62,10.230308,163694.83546441188,10.198266341103455,6.205508627784276,6.1595516,0.045957007300877706
2878,291.72688137386126,294.8762,3.1493088116856143,1.0795401496270178,0.7030250105203742,13.379764862673111,0.99917959379245,3-5,2380927.5,2129216.8,2372119.5016256613,2122392.151715417,251710.75,10.571961,249727.34991024435,10.527604100008501,6.375136563945729,6.32822,0.046916673351246274
2879,292.093028879848,295.2418,3.1487618916363544,1.077999671444262,3.676500831147,23.54438181221468,0.9823270719650022,3-5,2350055.0,2101938.0,2341495.109714401,2095320.4734829576,248117.0,10.557923,246174.63623144338,10.513566106122257,6.369493255081469,6.32262,0.04687334007292421
2880,287.09053014574914,290.2326,3.142074834719608,1.0944543636198834,0.7553858856615165,18.305513234047936,0.9990356555062136,3-5,2812838.8,2511630.5,2800178.867356976,2501708.2857735883,301208.25,10.708337,298470.5815833877,10.658982719382749,6.447185773708309,6.3999557,0.04723002419659039
2881,294.15683267789086,297.32602,3.1691866092185137,1.0773799066190153,0.952914780198606,10.018194757087755,0.9984438942232586,3-5,2184028.0,1953583.8,2176791.30356521,1948039.175214604,230444.25,10.551342,228752.1283506062,10.508684409752533,6.337816793738081,6.290832,0.046984751043988915
2882,299.5575353243316,302.72888,3.1713465116059183,1.0586769276801182,0.7408445033845575,10.25214553844782,0.9991218147827908,3-5,1807378.4,1619888.2,1802804.2400252395,1616443.091290081,187490.12,10.373595,186361.1487351586,10.33729256885648,6.255948570819729,6.209485,0.046463516803616045
2883,293.6923864711706,296.9186,3.2262231479700176,1.0985041821255077,0.7197026563977211,9.037365064614306,0.999163783442689,3-5,2220234.2,1981655.1,2212716.344285241,1975906.6613111151,238579.12,10.745673,236809.68297412572,10.702216015429704,6.344925743792859,6.297028,0.047897679065076026
2884,291.48033493739257,294.7031,3.222759545029305,1.105652477626501,0.7265881735303255,9.65283567394468,0.9991317781430864,3-5,2401972.2,2142264.0,2392981.036347578,2135352.451215681,259708.25,10.812291,257628.58513189666,10.766010311770662,6.378939256974392,6.330873,0.04806624443166729
2885,286.80167454018573,289.94455,3.1428750203611457,1.0958356590490466,0.9171237083641852,26.302409510852414,0.9985499284191914,3-5,2842456.8,2537714.5,2829524.282343868,2527557.830500541,304742.25,10.7210865,301966.4518433274,10.671986585433721,6.451713425305345,6.404443,0.04727063813493526
2886,287.56579124248447,290.77982,3.21402443134366,1.1176657757019135,0.895997253123803,18.649473796345205,0.99870969354869,3-5,2764845.8,2462871.8,2752643.5583346253,2453370.0634598285,301974.0,10.921911,299273.49487479683,10.87222114060638,6.439749977949603,6.391442,0.04830815589760107
2887,298.5366574884588,301.7341,3.1974428533381456,1.0710386055225922,0.688424071886666,8.624817063273014,0.999209160164558,3-5,1872716.0,1676289.5,1867719.4243642823,1672519.1239962676,196426.5,10.488856,195200.30036801472,10.451264671858047,6.271311635490193,6.224349,0.04696261357857168
2888,288.16575299692715,291.4173,3.2515443663540964,1.1283590546544815,0.7378352867989619,13.935741692794096,0.9991036450439976,3-5,2705536.2,2407379.5,2693881.674087265,2398352.739429924,298156.75,11.0202465,295528.93465734087,10.97037548085594,6.4303785158786,6.3815446,0.04883392588226254
2889,286.99836249177446,290.23367,3.235310603928667,1.1272923565971191,0.7999821999020833,8.785748794612218,0.9989232861075918,3-5,2822255.8,2511531.2,2809501.1880501485,2501608.809790582,310724.5,11.009792,307892.3782595666,10.958969498541135,6.448629220080505,6.3999386,0.04869063670648188
2890,301.7375855912257,304.94244,3.2048582564305548,1.0621342548860606,0.8952934291551743,19.97908447659861,0.9987340509199472,3-5,1676087.0,1501738.2,1672320.1720302547,1498926.428222718,174348.75,10.40213,173393.74380753678,10.36845376307521,6.223319428386746,6.1765947,0.046724694194851146
2891,289.5532584060858,292.75354,3.2002816329767256,1.1052480122632469,1.0348133816305245,14.71767273791238,0.9981382489034588,3-5,2573631.0,2295460.8,2563156.021562122,2287344.647822124,278170.25,10.808475,275811.37373999786,10.760615874327616,6.408775042876075,6.36087,0.04790515838510778
2892,305.80612030733244,309.0362,3.230073540323815,1.0562488210103904,4.283341904630316,23.385431664405505,0.9786300529617972,3-5,1458241.1,1307458.4,1455647.2701875702,1305559.3281129643,150782.75,10.340042,150087.94207460596,10.310735653374742,6.163056150272461,6.1164284,0.046627775028320606
2893,294.4304132483411,297.6273,3.1968755700182783,1.0857830666160946,0.7671888311028392,13.24838368974099,0.9990314958018864,3-5,2163001.2,1933108.9,2155929.7688432937,1927703.44211715,229892.38,10.628398,228226.3267261437,10.585981511289786,6.333634609250969,6.2862563,0.04737829592699416
2894,287.9878407578823,291.23117,3.2433298964145933,1.1262037618947018,0.7931809032692048,20.944081892169365,0.9989028763331106,3-5,2722976.0,2423442.8,2711162.0734209507,2414268.8967109504,299533.25,11.000216,296893.17671000026,10.950771981528193,6.433155480505035,6.384433,0.04872268784146083
2895,301.6562391107502,298.40656,3.249683934968971,1.0772805311598015,5.132948647265315,27.255962947975178,0.9731361203640644,3-5,1680795.5,1881229.2,1676995.5432315562,1876174.8829198275,200433.75,11.924933,199179.33968827128,11.877153788044922,6.224531908430466,6.2744417,0.049909810624710005
2896,297.4642513232793,300.70868,3.2444278759394365,1.0906950537775528,0.7182877904271464,10.798591746622776,0.9991456125951296,3-5,1944158.1,1736697.4,1938674.221957286,1732567.0905953536,207460.75,10.670981,206107.13136193226,10.631344298468386,6.287504835642305,6.239724,0.047780676401582234
2897,313.6821701337643,310.4509,3.231272916967441,1.0301104827187089,0.8145632530535287,14.127566120170314,0.998951886894023,3-5,1119900.8,1246910.2,1118700.7994627734,1245255.5661290046,127009.5,11.341139,126554.76666623121,11.31265542377424,6.048713948443129,6.0958357,0.04712173728685176
2898,311.2619897185494,307.95844,3.303554659955637,1.0613421391229911,1.950636409010132,10.99044077154825,0.9953646227171143,3-5,1213598.2,1355766.8,1212066.1149416503,1353655.9658965655,142168.5,11.714626,141589.85095491516,11.681693697190058,6.083526310070529,6.1321855,0.04865914906643365
2899,296.2359716459713,292.97406,3.26191158737754,1.10111934389785,0.8524193601091676,12.897082487185727,0.9987799392501532,3-5,2029685.9,2277543.5,2023598.289735333,2269573.974000764,247857.62,12.211624,245975.68426543102,12.155361343856553,6.306124303688288,6.3574667,0.051342394004582736
2900,300.78711244510464,304.08673,3.29961851192661,1.096994643521773,0.7885523270575685,11.386416758688028,0.9990348130009914,3-5,1731992.0,1546246.0,1727891.7193940522,1543207.4515152874,185746.0,10.724414,184684.26787876477,10.688416745438829,6.237516523360992,6.189279,0.0482374439237363
2901,302.25730922116605,305.52148,3.2641751538339463,1.079932578717394,0.6889233909722037,12.17432331768174,0.999247216515332,3-5,1646359.2,1472421.6,1642761.5942226346,1469758.6489197658,173937.62,10.564986,173002.94530286873,10.53122655845475,6.215574541021064,6.1680326,0.04754189484186444
2902,304.2724000354985,301.01163,3.260772838232868,1.0716623781363157,0.9549648641017988,22.68326675792372,0.9985044556257224,3-5,1536469.4,1718605.0,1533480.1214627316,1714583.2539532655,182135.62,11.854166,181103.13249053387,11.809943275807585,6.185678150585867,6.235176,0.049497935839914575
2903,297.4912671366948,300.80026,3.3089953144771016,1.1122999832316576,0.7756119438390308,24.356221763034853,0.9989514911889684,3-5,1942321.1,1731204.9,1936855.23255374,1727110.122384716,211116.25,10.869276,209745.11016902397,10.829157835016685,6.287097161218523,6.2383485,0.04874867717921649
2904,294.76422410169465,298.05386,3.2896394236959736,1.1160239794097389,0.7280010537299717,24.344798573223684,0.9990691824507804,3-5,2137647.2,1904516.2,2130762.345142671,1899303.0489688187,233131.0,10.905962,231459.29617385217,10.862745753954751,6.328535013323393,6.2797847,0.048750333910550836
2905,307.2641852566728,310.53427,3.270085983561557,1.064258752067018,0.8674254214281483,13.418402011472269,0.998796987583845,3-5,1387924.9,1243440.4,1385669.468856237,1241795.223005853,144484.5,10.4101095,143874.245850384,10.38301334366132,6.141659648045564,6.0946255,0.0470341750231027
2906,286.3732772822587,289.65384,3.280561829069427,1.1455544526370036,0.907572150093486,9.868138006419828,0.9986098750362628,3-5,2887006.8,2564345.5,2873648.9862345704,2553961.598561386,322661.25,11.176325,319687.3876731843,11.124789047116028,6.458433718338418,6.4089766,0.049457163467812926
2907,309.6918795852761,306.4174,3.2744906692605014,1.0573382400744686,1.4022163946074715,29.358584647668835,0.996839546321862,3-5,1279001.6,1428293.9,1277215.778383494,1425847.1078497916,149292.25,11.672562,148631.32946629776,11.6371353988762,6.106264275058887,6.154818,0.04855378295502888
2908,292.4898652679871,295.78403,3.2941618316222616,1.1262481961910242,0.6395648234935289,11.447118225136704,0.9993300059633292,3-5,2317080.5,2062185.4,2308795.9330147216,2055864.0353661992,254895.12,11.000703,252931.8976485224,10.955143069671616,6.363385548732605,6.3143277,0.04905783190521262
2909,294.40561544509774,297.69562,3.2900022306835126,1.117506616071,0.7363262775692252,18.98884383128637,0.9991054389995232,3-5,2164897.2,1928495.9,2157805.6016657003,1923120.4414714973,236401.38,10.91975,234685.16019420302,10.876103019337782,6.334012316191762,6.2852187,0.04879360052403747
2910,305.5436110404603,302.1688,3.3748183158509164,1.1045291715833063,2.203737290155889,10.550670692992696,0.994237046562656,3-5,1471313.0,1651381.2,1468657.3076793377,1647756.709655028,180068.25,12.238609,179099.4019756904,12.194771444584976,6.166920470571593,6.2178473,0.05092687668792806
2911,296.257995533689,292.94098,3.317016529782734,1.1196378088656649,0.7790205756687628,21.38905463486246,0.9989742062886068,3-5,2028113.1,2280223.2,2022042.2011440184,2272231.403832507,252110.12,12.430772,250189.2026884884,12.373095009932925,6.305790215316664,6.3579774,0.05218717497264258
2912,305.85615963037293,309.1679,3.311748084470821,1.0827795943273033,0.7531364469368295,19.57520936337508,0.9991048192527306,3-5,1455763.1,1301688.9,1453181.6868944827,1299811.037380665,154074.25,10.583744,153370.64951381763,10.554127601317209,6.162319916213257,6.1145077,0.04781224104235893
2913,295.5662303548661,298.94864,3.382408561149532,1.1443826167449866,2.346693974726484,18.07243388598769,0.9920261810383352,3-5,2078052.5,1846039.9,2071616.7678180006,1841216.1803204305,232012.62,11.1649065,230400.5874975701,11.12177653110267,6.31630941757146,6.266241,0.050068343963061146
2914,307.61245677991406,310.91577,3.303314704460945,1.0738559611792156,0.8498157863672011,8.917825042406918,0.9989031726575436,3-5,1371689.1,1227695.9,1369508.1743313733,1226113.5448276275,143993.25,10.497514,143394.62950374582,10.470520161280126,6.136564628818102,6.0890913,0.047473327853746916
2915,298.0195547691103,301.36533,3.345771158624075,1.1226683300081433,0.701728058128735,10.731178123275129,0.9991624509717498,3-5,1906796.9,1697742.2,1901569.6802958935,1693849.6169237858,209054.62,10.9636545,207720.0633721077,10.923610400634146,6.2791122441381075,6.2298717,0.04924049426017785
2916,298.29520427636714,301.66513,3.3699263388672307,1.129728634773837,0.726485405158911,11.1652541228477,0.9991621021668754,3-5,1888545.0,1680278.9,1883443.7351066533,1676483.952461809,208266.12,11.027862,206959.78264484438,10.988370864878792,6.274952650874467,6.2253814,0.049571276515336216
2917,293.68471070182284,297.071,3.386303702474038,1.1530405155861658,0.858153881883768,14.337020513199349,0.9987880117275189,3-5,2220841.5,1971102.5,2213313.2001832793,1965433.2613860113,249739.0,11.245242,247879.93879726809,11.199496699190233,6.345042874156304,6.294709,0.050333668528862674
2918,284.4828325915083,287.8505,3.367661793257298,1.183783837702768,0.987004146739346,26.637398336042907,0.9982972498607888,3-5,3092934.8,2736523.2,3077546.3296882887,2724577.1202721014,356411.5,11.523409,352969.20941618737,11.469176142408816,6.488204599564856,6.437199,0.05100548381168224
2919,295.7752469394384,292.4097,3.36554845311025,1.1378736009641013,0.7330561895363504,10.818869483161336,0.9990924372792844,3-5,2062824.0,2323704.5,2056496.4184010257,2315361.347893145,260880.5,12.646765,258864.92949211923,12.587667412199668,6.313127957477566,6.366181,0.053052939281466927
2920,305.63150007453413,309.01193,3.380432298512744,1.1060483941244148,0.7821859838380087,9.409784867316006,0.9990462082697088,3-5,1466922.2,1308526.9,1464287.469854413,1306618.0367892468,158395.38,10.797803,157669.43306516623,10.767655689961106,6.165626346063701,6.116783,0.04884320397385711
2921,298.802801196098,302.20908,3.4062747316363584,1.1399741628931022,1.349436377496272,27.94063810463741,0.997127718471216,3-5,1855438.0,1649092.9,1850552.7118683183,1645482.9729005957,206345.12,11.1211,205069.73896772251,11.081539998970582,6.267301460221457,6.217245,0.05005635829274624
2922,308.2050339382448,304.7937,3.41133276636981,1.1068387569079552,1.288731775465239,10.526687814957114,0.997604953926564,3-5,1344543.4,1509370.4,1342479.128663059,1506522.1300679934,164827.0,12.258957,164043.00140493433,12.219407952233908,6.1279075425079625,6.1787963,0.05088874884335581
2923,302.3068586121215,305.68936,3.382502960144109,1.118897194616438,1.299526617427082,14.02282095292682,0.9974415411009048,3-5,1643556.1,1464037.2,1639976.266698455,1461416.8772019423,179518.88,10.922588,178559.3894965127,10.887925217111981,6.214837563098625,6.1655526,0.04928494697924002
2924,290.20681151930154,293.61374,3.4069274943703363,1.1739653788738666,0.7422266490146672,10.298494620485483,0.9990803485265076,3-5,2513953.5,2226432.2,2504010.444237451,2218869.6443769233,287521.25,11.437016,285140.79986052774,11.387364638064119,6.398636135986169,6.3476095,0.05102661602767267
2925,303.7263165362182,300.3209,3.405424202233803,1.1212147307715166,0.6969754171511013,11.417675389711375,0.9992067148373416,3-5,1565427.8,1760161.6,1562285.523970446,1755887.103183,194733.88,12.439659,193601.57921255403,12.392202080995306,6.193760408640413,6.2455525,0.051792131185026236
2926,304.545603020479,307.81647,3.2708642646772432,1.074014608070797,0.9500583908109822,13.532760823341109,0.998681777694318,3-5,1522201.8,1362275.5,1519283.4776022448,1360136.1156466976,159926.25,10.506246,159147.36195554724,10.475159132692992,6.181638814858245,6.1342654,0.04737339203720037
2927,287.0682602014971,290.48764,3.4193801793622924,1.1911383644301825,1.0992288051389814,13.278908867166932,0.9979079836186202,3-5,2815112.8,2488777.5,2802438.393256693,2479049.077930199,326335.25,11.592262,323389.31532649416,11.539569116118404,6.4475360741616585,6.395986,0.05154999399198079
2928,295.0196182177702,298.4245,3.404881293948563,1.154120296988261,0.802260415639944,12.324313963171548,0.998897086661674,3-5,2118466.8,1880050.2,2111734.0106790154,1875002.4874058233,238416.5,11.2542,236731.5232731921,11.21029078833051,6.324639214539228,6.2741694,0.05046976950138582
2929,298.59361473534693,302.022,3.4283884384811927,1.1481787517525728,0.7829293740275212,21.374723032870804,0.999008457303825,3-5,1869004.1,1659746.5,1864031.7075656874,1656077.1650907788,209257.62,11.19621,207954.54247490852,11.156169802845499,6.2704532955199435,6.2200418,0.050411543658371194
2930,290.392116524324,293.83633,3.444217704191658,1.186057578082758,0.7997110613736165,11.05807043796176,0.9988849993778164,3-5,2497306.8,2208942.2,2487511.6419131015,2201518.1907696617,288364.5,11.547019,285993.45114343986,11.497170357903826,6.395765121983306,6.3441844,0.051580723332183
2931,299.73717658279395,303.21533,3.47815544845605,1.16040175199799,0.8024134077358392,8.792257448006978,0.9989725812162192,3-5,1796142.0,1593073.1,1791641.6136464484,1589776.4224170044,203068.88,11.305837,201865.191229444,11.267051942302054,6.2532511410505816,6.2022357,0.05101544235063038
2932,285.6465182704256,289.1088,3.4622768955900938,1.2120844029725957,0.9214404080355576,11.924565256443683,0.9985989139400732,3-5,2964340.8,2615098.8,2950231.282294794,2604268.024253201,349242.0,11.781439,345963.2580415928,11.726648690827057,6.469856063668715,6.417488,0.052367965524183546
2933,293.18260905632377,296.7021,3.51947834601998,1.200438988297511,0.7046502399263387,23.40682644822984,0.999131056250988,3-5,2260739.0,1996751.2,2252904.641419832,1990899.1130356533,263987.75,11.677055,262005.52838417888,11.629676798883818,6.352742809752408,6.300324,0.052418846587125145
2934,286.38997438061455,289.8848,3.4948217619635784,1.2203017125588804,1.0194437337263649,10.709355980905627,0.9981971121237831,3-5,2885257.5,2543162.0,2871915.2619593157,2532957.9552923176,342095.5,11.856671,338957.3066669982,11.802482864196707,6.458171621570822,6.405374,0.052797571430440726
2935,293.19742414331773,296.6489,3.4514711203541424,1.1771833024928042,0.7824541656420797,19.995118559360805,0.9989937303163906,3-5,2259550.2,2000481.8,2251725.1404784704,1994608.146116321,259068.5,11.46549,257116.9943621494,11.418666947401691,6.352515376739379,6.3011346,0.0513807904051502
2936,294.7846872016341,291.37778,3.4069101020247103,1.155728316272537,0.8028753002834795,20.068591763007788,0.9989574455538116,3-5,2136101.0,2410783.8,2129227.572833429,2401720.711997427,274682.75,12.859072,272493.13916399796,12.797746123557047,6.328222081515311,6.3821583,0.05393619790363413
2937,311.5132039496674,308.03256,3.4806416938080247,1.117333599243006,0.8275281794660007,13.645908683262874,0.9989287633285456,3-5,1203479.2,1352383.0,1201990.618948572,1350287.9933290626,148903.75,12.372772,148297.3743804905,12.337648234743462,6.0799010781868805,6.1311,0.05119909957801205
2938,313.7142036567331,310.24033,3.4738777289987297,1.107338363550748,0.8799555731900232,12.592956353208734,0.9988363261777644,3-5,1118717.2,1255723.8,1117517.745807733,1254030.7689156418,137006.5,12.24675,136513.0231079089,12.215736494568,6.048254428309731,6.0988946,0.0506401677901227
2939,302.32122892130053,305.81317,3.4919424654182194,1.1550437519315695,0.8492493748031185,13.385017340135349,0.9988705228640532,3-5,1642744.2,1457890.5,1639166.2479796885,1455299.1042470478,184853.75,11.252741,183867.14373264066,11.217113819861854,6.21462300294128,6.1637254,0.05089762681212928
2940,310.4029773965144,313.91714,3.514167378876266,1.132130692930566,0.8332468157844417,11.848667398814143,0.9989564670785532,3-5,1248910.6,1111241.1,1247245.0857891329,1110067.7052232882,137669.5,11.023167,137177.3805658447,10.998430230659316,6.095951801471618,6.045809,0.05014300935736049
2941,295.2325490675592,298.69702,3.464472416815795,1.173472378895122,0.7513809437836397,20.560802562768515,0.999058811402457,3-5,2102623.5,1862283.4,2096002.5945092868,1857352.6058495424,240340.12,11.430488,238649.98865974438,11.385958647423182,6.321391815897743,6.2700458,0.05134605860404218
2942,289.76329014718124,293.30438,3.541092177037513,1.2220637663379872,0.8016850866316858,9.807430292358037,0.998918441753506,3-5,2554282.8,2250990.0,2543985.5785513143,2243227.0493587796,303292.75,11.873891,300758.52919253474,11.82233624782587,6.405514645037171,6.3523736,0.05314104503106787
2943,297.77754232433045,301.21732,3.4397733494976706,1.1551486800005797,1.9264111813832452,18.224045112439,0.9950240257729954,3-5,1922983.8,1706437.9,1917642.156978787,1702489.8165906286,216545.88,11.260931,215152.34038815834,11.219629251743571,6.282767568554808,6.2320905,0.05067709537975951
2944,305.1746865074388,301.6838,3.490879134391946,1.1438953781990218,0.6525286766423561,12.98716863634803,0.9992897532774724,3-5,1489903.6,1679198.1,1487152.735091173,1675411.0329308112,189294.5,12.705151,188258.29783963808,12.658975328993124,6.172355574171533,6.225102,0.05274637361289081
2945,287.8693530246956,284.30368,3.565672604773738,1.2386426576183147,2.0498848219640813,22.22701904271264,0.9932520985776028,3-5,2734661.0,3113264.8,2722729.709159125,3097668.899965015,378603.75,13.844631,374939.19080588967,13.770709209386933,6.435004530195245,6.493216,0.05821150755499893
2946,290.448038311298,293.98566,3.537618426983272,1.21798668276482,0.7987862366214125,12.113552224426144,0.9989226156722758,3-5,2492310.5,2197295.2,2482552.053617496,2189957.660458845,295015.25,11.837018,292594.39315865096,11.78603255195764,6.394898363456174,6.3418884,0.05300993572179902
2947,311.79574040135776,315.32565,3.5299126748141134,1.1321234441080714,1.0378329632675496,10.578898020198396,0.9984627470665436,3-5,1192212.1,1060846.1,1190764.0437235625,1059825.2283776915,131366.0,11.018677,130938.81534587103,10.996201643477626,6.075825712229131,6.025653,0.050172826792119096
2948,296.2871648459957,299.84412,3.556951364941824,1.200508083700034,0.7283276161126514,13.03211562182669,0.9991294856519574,3-5,2026038.9,1789492.6,2019981.6272103142,1785033.5662038794,236546.25,11.675306,234948.06100643473,11.631197919899332,6.305347419329067,6.25273,0.05261752659835395
2949,288.26067386374984,291.7905,3.529822962422031,1.2245246342865512,0.6614411870756542,20.342763203265065,0.9992710113512792,3-5,2696275.0,2375532.8,2684701.4619412445,2366762.00939803,320742.25,11.895754,317939.45254321443,11.842637144217885,6.4288959992944195,6.375761,0.053134967189927274
2950,303.2221012007938,306.75974,3.5376339066280598,1.1666807573124218,0.7111661796070402,8.748917282972656,0.9991897058928032,3-5,1592702.4,1411818.5,1589406.940194409,1409454.8869358061,180883.88,11.357042,179952.05325860297,11.321962217969933,6.20123510504526,6.1497793,0.051455785282076505
2951,290.2404609434049,293.81268,3.572222162063838,1.2307802125357012,0.7329008830331445,11.263180282680622,0.9990856872136494,3-5,2510921.8,2210793.8,2500997.7430378282,2203351.3910279227,300128.0,11.952902,297646.3520099055,11.901104382780066,6.398113299812606,6.344548,0.053565074409774205
2952,308.3102786102249,304.80362,3.5066592254592592,1.137379928189966,1.289966601018516,12.217233394108176,0.9975252118220196,3-5,1339783.6,1508860.0,1337743.361329218,1506017.6447256037,169076.38,12.619678,168274.28339638584,12.578966060364822,6.126372804426526,6.1786494,0.05227662108006559
2953,296.68129914361884,300.20828,3.526983327084281,1.188812148681108,0.6694806701159195,9.55028511830396,0.9992729401631772,3-5,1998207.5,1767043.5,1992348.6202166039,1762722.5243010123,231164.0,11.568568,229626.09591559158,11.525397392080263,6.299365333379494,6.247247,0.05211811429380031
2954,300.7447836103227,297.2217,3.523073405244588,1.1714495470050983,0.7599825977011208,13.463506506893282,0.9989783332287184,3-5,1734528.8,1960728.8,1730414.1461060005,1955130.3917174898,226200.0,13.041006,224716.24561148928,12.986269565420194,6.238150056795496,6.2924175,0.0542674694496208
2955,301.6520674730686,305.2351,3.5830399488064018,1.1878055333157278,0.7891369802403699,24.746670754444903,0.9989361710229512,3-5,1681035.5,1486839.5,1677237.1277617146,1484104.5067547623,194196.0,11.552165,193132.62100695237,11.514926411430523,6.22459446749469,6.1722646,0.052329891536437856
2956,279.08356326302857,282.6872,3.603631561190184,1.2912374770684223,1.2870184699184244,12.429833850668636,0.9971775525640496,3-5,3774827.8,3303474.5,3752121.3921642117,3285920.092377295,471353.25,12.486749,466201.29978691693,12.425005778344861,6.574276880638325,6.5189714,0.05530543746205563
2957,301.8505614636973,298.28,3.5705626844004428,1.1828908540327043,0.7050961636950945,8.15967440545893,0.9991611186866912,3-5,1669576.0,1889548.9,1665847.1277074802,1884438.4949367174,219972.88,13.175374,218591.36722923722,13.121934395628495,6.2216351443460916,6.276358,0.05472298324790259
2958,294.2377321581656,297.83908,3.6013486523813185,1.2239588124766532,1.0320908903695158,22.342581390802835,0.99821399068912,3-5,2177785.5,1918852.0,2170595.370909382,1913542.3253934511,258933.5,11.889762,257053.04551593098,11.842513301234826,6.336578872482821,6.2830415,0.05353739527945223
2959,302.3291893360283,305.92365,3.594455683502929,1.1889211529316863,0.8486540211682555,22.446837856815208,0.9988809196211694,3-5,1642295.2,1452429.5,1638725.7114835172,1449867.0050321617,189865.75,11.561,188858.70645135548,11.524729558333721,6.2145062678121885,6.1620955,0.0524107210897764
2960,299.38166499057,302.9623,3.580645800445609,1.1960137240062425,4.78667131255898,19.031828673689915,0.9728219926430048,3-5,1818451.5,1606958.4,1813810.5470021635,1603589.3732001807,211493.12,11.630397,210221.17380198278,11.590029297681221,6.2585919229179074,6.2060046,0.052587303319518774
2961,295.4174291902786,299.05692,3.639486092924528,1.2319808289240552,0.6282554330907092,9.068599721966564,0.999365476061148,3-5,2088971.2,1839102.8,2082452.5445383422,1834323.9157835576,249868.5,11.961319,248128.6287547846,11.915211676998483,6.318575113377763,6.264606,0.05396911438484331
2962,301.81765672172,298.1913,3.626342024454402,1.2015009538682948,0.9126911227996242,21.11259120658289,0.9986321802487296,3-5,1671468.8,1895404.2,1667730.0659572445,1890257.8399425927,223935.5,13.397529,222527.77398534818,13.343152979473425,6.222125758320868,6.277702,0.055576096384942986
2963,302.3287043088791,305.97095,3.6422429567459176,1.204729456659451,0.8650123822080097,25.39789264507173,0.9988257874306052,3-5,1642322.2,1450098.4,1638747.02776559,1447547.082999905,192223.88,11.704394,191199.9447656849,11.667447234145925,6.214511917008637,6.161398,0.05311398304867598
2964,295.0549913191588,298.71976,3.664765760919352,1.2420619439564748,0.6346802831845516,12.54607009013776,0.9993199992284236,3-5,2115826.2,1860811.8,2109105.002556703,1855888.8878138766,255014.5,12.052715,253216.11474282644,12.00585624878194,6.324098201785852,6.2697024,0.054395767246057325
2965,285.9287696377357,289.55313,3.624361465779941,1.2675749524512392,1.044754975558419,10.029864253087624,0.99820333960676,3-5,2934039.0,2573642.2,2920217.9571362874,2563170.232416837,360396.75,12.283298,357047.72471945034,12.226749165996818,6.465415267218624,6.410548,0.05486705707458128
2966,302.46453199860633,306.14804,3.683508772878042,1.217831640800454,0.9633853342906832,23.67524738119343,0.9984655218614166,3-5,1634669.4,1441404.4,1631144.220492957,1438899.7779057047,193265.0,11.82288,192244.44258725224,11.785864191037197,6.212492361650473,6.1587863,0.05370606480599083
2967,291.5478608594517,295.1997,3.651846171798297,1.252571759927529,0.7108669634017682,11.479363710091874,0.9991402452700374,3-5,2396188.0,2105060.5,2387246.956469994,2098418.439810871,291127.5,12.1496105,288828.5166591229,12.098811808151247,6.377897348325771,6.3232646,0.054632749479335274
2968,299.636577134572,303.3252,3.688618177927992,1.2310306749604103,0.7059182405952696,10.853476767321354,0.9991840441488068,3-5,1802428.1,1587083.1,1797887.2842937796,1583822.0742913347,215345.0,11.9474945,214065.21000244492,11.906486678698045,6.2547624608434385,6.2005997,0.054162790433282204
2969,301.51867788318384,297.86368,3.654999904668216,1.212196846420326,0.968665975758387,19.385290382284357,0.998400471807774,3-5,1688783.1,1917205.1,1684939.411017354,1911908.077101203,228422.0,13.525833,226968.6660838488,13.47043487734712,6.226584288629359,6.2826686,0.056084301916294876
2970,301.7984030962197,305.46533,3.6669289350302847,1.2150259568673696,0.8506273793727582,11.89899482442462,0.9988833466580832,3-5,1672577.6,1475235.6,1668831.4071976726,1472558.1872986606,197342.0,11.798676,196273.219899012,11.761117333511658,6.22241246452702,6.168862,0.05355059852970534
2971,307.5898849040872,311.27008,3.680195662319079,1.1964618613731852,1.0443938914179185,12.236701275830512,0.998401918326446,3-5,1372736.2,1213269.2,1370545.566725583,1211742.8179968796,159467.0,11.616726,158802.74872870347,11.586827361610787,6.136893479166655,6.0839577,0.05293580704751477
2972,306.3687408538097,310.06,3.691256704783996,1.2048411644402572,0.8294241228004028,8.861572988251282,0.9989503429909502,3-5,1430652.9,1263327.0,1428199.0043051576,1261605.1544788445,167325.88,11.69577,166593.8498263131,11.66461041662494,6.15478872596258,6.1015162,0.05327247916692546
2973,297.4601589842678,301.1247,3.664535839950929,1.231941733798623,2.2592513382294706,23.665612581571608,0.993195690348437,3-5,1944437.8,1711906.2,1938951.3336242323,1707925.4685191934,232531.5,11.958804,231025.86510503897,11.914990391904889,6.287566908715791,6.23348,0.05408693206173787
2974,299.2459990204727,302.95377,3.707766848667916,1.2390363984162247,0.6501452936250423,8.729244430565231,0.9993133852326412,3-5,1827047.1,1607431.4,1822351.270686,1604051.2259784248,219615.75,12.020256,218300.0447075751,11.97903215582575,6.26063209394139,6.2061324,0.054499681984602866
2975,286.94120589499414,290.62143,3.680223548365234,1.2825706007913025,1.2250088834208412,10.881010910581494,0.997401957968656,3-5,2828105.8,2476881.0,2815299.216773951,2467254.0685165813,351224.75,12.419082,348045.14825736964,12.362634358140955,6.449524559502808,6.393905,0.0556193966915286
2976,298.4297153667276,302.15918,3.729464320772422,1.2496960351918849,0.7852757225663982,9.375906523513407,0.9989740839627548,3-5,1879709.6,1651928.9,1874668.532320016,1648303.8275615633,227780.75,12.117868,226364.70475845272,12.074918891304621,6.272924489498303,6.2179914,0.05493313741700412
2977,281.9718314618224,285.67264,3.700806477630749,1.3124738235180136,0.823162485602018,19.009336785969253,0.998836174955642,3-5,3391674.0,2961523.5,3373188.9511833503,2947431.743915899,430150.5,12.682542,425757.2072674511,12.621801311132927,6.528040669134029,6.471515,0.056525490453608995
2978,300.723429351191,304.44772,3.724294037480888,1.238444921141007,0.7087416744272036,9.547036435000363,0.999182100061774,3-5,1735811.0,1527296.1,1731686.017603011,1524356.752735572,208514.88,12.012533,207329.26486743917,11.972682273800595,6.23846915027724,6.1839237,0.05454542896376324
2979,292.8526466216753,296.58246,3.729811874418431,1.2736138523743057,0.8173059778153955,20.108680100118814,0.9989207949495544,3-5,2287387.2,2005148.0,2279336.831190108,1999240.8847534768,282239.25,12.338936,280095.946436631,12.288484203117308,6.357808508207159,6.3021464,0.05566207342322382
2980,291.44520843801934,295.17487,3.7296572846369145,1.27971130650106,0.8031499319495908,14.857439491508076,0.9988667888871108,3-5,2404986.0,2106901.2,2395965.3158377702,2100251.640069132,298084.75,12.394448,295713.67576863803,12.342151775483408,6.379480526885349,6.323644,0.05583636566098349
2981,285.78279904510543,289.50226,3.7194592556758153,1.3014986444613723,0.8512161640453222,19.891888178646383,0.9988236102475532,3-5,2949672.2,2578351.5,2935693.5779211423,2567845.6036181385,371320.75,12.588543,367847.97430300387,12.530189699276745,6.467710722782547,6.411342,0.05636857877009582
2982,293.6888603644624,297.413,3.724134020303211,1.268054231162064,2.8470919107684445,13.395944894010997,0.9893146509657044,3-5,2220512.2,1947647.0,2212993.455952187,1942141.6705077952,272865.25,12.288392,270851.7854443919,12.2391588965568,6.34498012967599,6.2895103,0.05546987958443683
2983,307.4493680789071,311.25754,3.8081697628897473,1.238633140372036,0.9150883263076124,18.83228725463553,0.9986767683348138,3-5,1379265.9,1213778.1,1377047.032757788,1212247.303339269,165487.75,11.998249,164799.72941851895,11.96761806228778,6.138948773748825,6.08414,0.054808949835250864
2984,297.4076904906226,301.23404,3.826348816018026,1.286566870448386,0.9038869284479294,18.33216595628207,0.9986811791311532,3-5,1948006.4,1705452.6,1942496.9418756752,1701509.2676152796,242553.75,12.451384,240987.67426039558,12.406077408168162,6.288360343752198,6.2318397,0.05652068692236423
2985,286.9131822679869,290.704,3.7908277417787417,1.3212455809151276,0.9102336152749888,11.60286188964082,0.9986036520859572,3-5,2830982.8,2469565.5,2818155.5985717066,2459999.4271844705,361417.25,12.766494,358156.1713872361,12.708885611878786,6.449964968097514,6.3926206,0.05734440459043366
2986,298.97194440601174,302.7229,3.750955984613256,1.254618051892976,0.7350633165405442,9.45495825318386,0.9991449122445106,3-5,1844546.6,1620220.9,1839731.146002692,1616777.0463758882,224325.75,12.161566,222954.09962680377,12.118841392190983,6.264754360868938,6.209574,0.055180138304240955
2987,306.0572432474143,302.2914,3.7658308938986806,1.2304335143130112,1.4182931771117984,23.16531050751152,0.9970615660245588,3-5,1445853.5,1644433.4,1443326.45914949,1640843.1288360823,198579.88,13.734439,197516.66968659218,13.684822891903675,6.159364573208378,6.2160163,0.05665171936364377
2988,297.9595130063831,301.75372,3.794210138148173,1.2733978854593213,0.7218973933027923,8.957768713274902,0.9991771551159778,3-5,1910797.8,1675156.1,1905548.71961615,1671396.4664737666,235641.62,12.332108,234152.25314238342,12.287917424097694,6.2800200569601765,6.2240553,0.05596476673800854
2989,295.98085453784483,299.7189,3.738048050045791,1.2629357584234675,0.7221895546115247,11.362115699163198,0.9991370325442308,3-5,2047961.2,1797282.1,2041745.551206646,1792771.376596307,250679.12,12.240423,248974.1746103391,12.194182299709114,6.310001617970098,6.2546163,0.0553853574415335
2990,294.86311333275563,291.0756,3.7875212917400063,1.284501560378546,2.6297890783891558,18.50211090679167,0.9904924193131802,3-5,2130199.0,2436954.8,2123372.700690766,2427669.732707386,306755.75,14.400333,304297.03201662004,14.330834710158397,6.327026229515661,6.3868475,0.059821266517054106
2991,289.70467153804464,293.54358,3.838907563517864,1.3251106870790417,0.713192857360171,8.403916946573673,0.9991574204094686,3-5,2559667.5,2231976.0,2549321.7544968724,2224369.2451517065,327691.5,12.802113,324952.5093451659,12.746625990696012,6.40642465201849,6.3486896,0.057735095896664035
2992,297.06789979869586,293.27594,3.791959857289612,1.276462337350883,1.7130213705832285,16.149386675227078,0.995910383142632,3-5,1971316.8,2253262.5,1965646.4242067393,2245486.5752584967,281945.75,14.302407,279840.1510517574,14.236545678080956,6.293505400665107,6.352812,0.05930641268938519
2993,308.48615292000784,312.27518,3.7890240819452856,1.2282639094428982,0.782296116559092,24.87163860990533,0.999010475921263,3-5,1331872.2,1173358.8,1329866.9951033173,1171973.7410763865,158513.5,11.901554,157893.25402693078,11.87286056487657,6.123808207748169,6.0694313,0.05437690281652863
2994,305.045624355478,308.85938,3.813750644522031,1.2502230289583711,0.8148841268933039,13.444743879341187,0.9989885392128596,3-5,1496464.6,1315252.1,1493682.6228328084,1313318.4547874646,181212.5,12.109374,180364.16804534383,12.075133317362857,6.174258328540331,6.1190095,0.055248833758836824
2995,295.2639522886204,299.07388,3.809930768020251,1.2903474123708965,0.6705805569155081,8.316897362984776,0.999272606825815,3-5,2100295.5,1838016.8,2093700.4360454245,1833243.8908252022,262278.75,12.487707,260456.54522022232,12.440010076712403,6.320914543494112,6.2643495,0.05656508289230544
2996,298.20966851350454,302.02005,3.810381535323586,1.2777525136315395,3.20651668252398,24.12000068769176,0.9860157812150508,3-5,1894189.4,1659859.5,1889049.9172918005,1656183.7465011429,234329.88,12.370984,232866.17079065763,12.327158147546555,6.276243434109209,6.2200713,0.05617211834382818
2997,300.6258440659246,304.48343,3.857584889153543,1.283184717913876,0.6432717126174647,11.753056522034116,0.999327890463552,3-5,1741679.5,1525434.1,1737519.5734636015,1522502.236195238,216245.38,12.415912,215017.33726836345,12.374959140157724,6.2399297056934335,6.183394,0.056535750462720635
2998,293.86486774321867,297.72507,3.860199395453208,1.3135967647640951,1.6868336633984404,24.02252360249493,0.9960205391747384,3-5,2206712.2,1926510.8,2199301.29743409,1921152.2380934418,280201.5,12.697691,278149.05934064835,12.647155697364564,6.342284730429222,6.2847714,0.05751328801589217
2999,297.4767813579779,301.30035,3.823572645928323,1.2853348178885626,0.6556833182411632,10.104855023570408,0.999277256761504,3-5,1943306.6,1701554.8,1937828.6761017314,1697636.809705387,241751.88,12.440233,240191.86639634427,12.394896894576389,6.287315378332589,6.230846,0.05646945014045013
3000,299.60426279357614,303.3801,3.775833641970735,1.260273671263563,0.8282500831594845,23.82303426611145,0.9988102096022484,3-5,1804447.8,1584099.2,1799898.1202359807,1580852.0056558575,220348.5,12.21141,219046.11458012322,12.169917403514182,6.255247923396899,6.1997824,0.055465551875903074
